state,district,population,phcs,population_per_phc,stress_score,stress_category,ai_cluster,ai_risk_level
jammu and kashmir,0,12541302,637,19688.072213500785,0.5844037292851,Low Stress,0,Low
jammu and kashmir,1,870354,637,1366.3328100470958,0.0387113545048841,Low Stress,0,Low
jammu and kashmir,2,753745,637,1183.2731554160123,0.0332591288475728,Low Stress,0,Low
jammu and kashmir,3,133487,637,209.55572998430145,0.0042580519002308,Low Stress,0,Low
jammu and kashmir,4,140802,637,221.0392464678179,0.0046000755063267,Low Stress,0,Low
jammu and kashmir,5,476835,637,748.563579277865,0.0203117936781941,Low Stress,0,Low
jammu and kashmir,6,642415,637,1008.5007849293564,0.0280537306156313,Low Stress,0,Low
jammu and kashmir,7,616435,637,967.7158555729984,0.0268389974254234,Low Stress,0,Low
jammu and kashmir,8,1008039,637,1582.4788069073784,0.0451490196047212,Low Stress,0,Low
jammu and kashmir,9,392232,637,615.7488226059654,0.0163560557224145,Low Stress,0,Low
jammu and kashmir,10,1236829,637,1941.646781789639,0.0558464332532068,Low Stress,0,Low
jammu and kashmir,11,297446,637,466.9481946624804,0.011924196593583,Low Stress,0,Low
jammu and kashmir,12,560440,637,879.8116169544741,0.0242208686730874,Low Stress,0,Low
jammu and kashmir,13,266215,637,417.9199372056515,0.0104639451592727,Low Stress,0,Low
jammu and kashmir,14,1078692,637,1693.3940345368917,0.0484525047505163,Low Stress,0,Low
jammu and kashmir,15,424483,637,666.3783359497645,0.0178639987600355,Low Stress,0,Low
jammu and kashmir,16,409936,637,643.5416012558869,0.017183832335172,Low Stress,0,Low
jammu and kashmir,17,283713,637,445.3893249607535,0.0112820899384204,Low Stress,0,Low
jammu and kashmir,18,230696,637,362.160125588697,0.0088032019651621,Low Stress,0,Low
jammu and kashmir,19,554985,637,871.2480376766091,0.0239658121083228,Low Stress,0,Low
jammu and kashmir,20,314667,637,493.9827315541601,0.0127293898294787,Low Stress,0,Low
jammu and kashmir,21,1529958,637,2401.817896389325,0.0695521116716995,Low Stress,0,Low
jammu and kashmir,22,318898,637,500.6248037676609,0.0129272164702704,Low Stress,0,Low
himachal pradesh,0,6864602,474,14482.282700421942,0.4293551512301993,Low Stress,0,Low
himachal pradesh,23,519080,474,1095.1054852320676,0.0306331540827289,Low Stress,0,Low
himachal pradesh,24,1510075,474,3185.81223628692,0.0929025001764242,Low Stress,0,Low
himachal pradesh,25,31564,474,66.59071729957806,0.0,Low Stress,0,Low
himachal pradesh,26,437903,474,923.8459915611814,0.0255323829306566,Low Stress,0,Low
himachal pradesh,27,999777,474,2109.23417721519,0.0608378350944404,Low Stress,0,Low
himachal pradesh,28,454768,474,959.4261603375528,0.0265920981884229,Low Stress,0,Low
himachal pradesh,29,521173,474,1099.5210970464136,0.0307646681078996,Low Stress,0,Low
himachal pradesh,30,381956,474,805.8143459915611,0.0220169432907956,Low Stress,0,Low
himachal pradesh,31,580320,474,1224.3037974683543,0.0344811803137168,Low Stress,0,Low
himachal pradesh,32,529855,474,1117.837552742616,0.0313102031134097,Low Stress,0,Low
himachal pradesh,33,814010,474,1717.3206751054852,0.0491651327944414,Low Stress,0,Low
himachal pradesh,34,84121,474,177.4704641350211,0.003302428390301,Low Stress,0,Low
punjab,0,27743338,436,63631.50917431193,1.89320951148226,Low Stress,0,Low
punjab,35,2298323,436,5271.383027522936,0.1550188774908676,Low Stress,0,Low
punjab,36,815168,436,1869.651376146789,0.053702131175037,Low Stress,0,Low
punjab,37,2193590,436,5031.1697247706425,0.1478643947888601,Low Stress,0,Low
punjab,38,1586625,436,3639.048165137615,0.1064016218975655,Low Stress,0,Low
punjab,39,612310,436,1404.380733944954,0.0398445690698378,Low Stress,0,Low
punjab,40,600163,436,1376.5206422018348,0.0390147876124052,Low Stress,0,Low
punjab,41,3498739,436,8024.630733944954,0.2370212598079309,Low Stress,0,Low
punjab,42,995746,436,2283.821100917431,0.0660377100027523,Low Stress,0,Low
punjab,43,2029074,436,4653.839449541284,0.1366260374783328,Low Stress,0,Low
punjab,44,901896,436,2068.568807339449,0.0596266628487187,Low Stress,0,Low
punjab,45,617508,436,1416.302752293578,0.0401996529601592,Low Stress,0,Low
punjab,46,1388525,436,3184.690366972477,0.0928690865623065,Low Stress,0,Low
punjab,47,769751,436,1765.4839449541284,0.050599621546963,Low Stress,0,Low
punjab,48,1895686,436,4347.90366972477,0.1275140848115002,Low Stress,0,Low
punjab,49,2490656,436,5712.51376146789,0.1681574596142213,Low Stress,0,Low
punjab,50,1119627,436,2567.951834862385,0.0745002239344394,Low Stress,0,Low
punjab,51,684627,436,1570.2454128440368,0.0447846617393982,Low Stress,0,Low
punjab,52,994628,436,2281.256880733945,0.0659613375923292,Low Stress,0,Low
punjab,53,1655169,436,3796.2591743119274,0.1110839747598572,Low Stress,0,Low
punjab,54,595527,436,1365.8876146788991,0.038698094862207,Low Stress,0,Low
uttarakhand,0,10086292,257,39246.27237354086,1.1669226952380392,Low Stress,0,Low
uttarakhand,56,330086,257,1284.3813229571983,0.0362705217530316,Low Stress,0,Low
uttarakhand,57,391605,257,1523.7548638132296,0.0433999930926716,Low Stress,0,Low
uttarakhand,58,242285,257,942.7431906614786,0.0260952147244431,Low Stress,0,Low
uttarakhand,59,618931,257,2408.291828793774,0.0697449304576322,Low Stress,0,Low
uttarakhand,60,1696694,257,6601.922178988327,0.19464748770701,Low Stress,0,Low
uttarakhand,61,687271,257,2674.206225680934,0.0776648913047039,Low Stress,0,Low
uttarakhand,62,483439,257,1881.0856031128403,0.0540426867483634,Low Stress,0,Low
uttarakhand,63,259898,257,1011.2762645914396,0.0281363951517108,Low Stress,0,Low
uttarakhand,64,622506,257,2422.2023346303504,0.0701592392084119,Low Stress,0,Low
uttarakhand,65,259648,257,1010.3035019455252,0.0281074225117961,Low Stress,0,Low
uttarakhand,66,954605,257,3714.4163424124513,0.1086463781804875,Low Stress,0,Low
uttarakhand,67,1648902,257,6415.961089494163,0.1891088460798041,Low Stress,0,Low
uttarakhand,68,1890422,257,7355.727626459144,0.2170987340485595,Low Stress,0,Low
haryana,0,25351462,452,56087.30530973451,1.668513895414754,Low Stress,0,Low
haryana,69,561293,452,1241.7986725663716,0.0350022454663475,Low Stress,0,Low
haryana,70,1128350,452,2496.349557522124,0.0723676307400338,Low Stress,0,Low
haryana,71,1214205,452,2686.2942477876104,0.0780249194300108,Low Stress,0,Low
haryana,72,964655,452,2134.1924778761063,0.061581189972393,Low Stress,0,Low
haryana,73,1074304,452,2376.778761061947,0.0688063492242397,Low Stress,0,Low
haryana,74,1505324,452,3330.362831858407,0.097207776877305,Low Stress,0,Low
haryana,75,1205437,452,2666.896017699115,0.0774471649924857,Low Stress,0,Low
haryana,76,1450001,452,3207.966814159292,0.0935623493285821,Low Stress,0,Low
haryana,77,1334152,452,2951.663716814159,0.0859286502144344,Low Stress,0,Low
haryana,78,942011,452,2084.0951327433627,0.0600890969656276,Low Stress,0,Low
haryana,79,1295189,452,2865.462389380531,0.0833612407539769,Low Stress,0,Low
haryana,80,1743931,452,3858.254424778761,0.1129304334779614,Low Stress,0,Low
haryana,81,1634445,452,3616.028761061947,0.1057160148708817,Low Stress,0,Low
haryana,82,1061204,452,2347.796460176992,0.0679431440313132,Low Stress,0,Low
haryana,83,958405,452,2120.3650442477874,0.061169355433783,Low Stress,0,Low
haryana,84,922088,452,2040.0176991150445,0.0587763002435915,Low Stress,0,Low
haryana,85,900332,452,1991.8849557522124,0.0573427206880718,Low Stress,0,Low
haryana,86,1514432,452,3350.5132743362838,0.0978079351137305,Low Stress,0,Low
haryana,87,1089263,452,2409.8738938053098,0.0697920504823303,Low Stress,0,Low
haryana,88,1809733,452,4003.83407079646,0.1172663592874993,Low Stress,0,Low
haryana,89,1042708,452,2306.8761061946902,0.0667243773711325,Low Stress,0,Low
delhi,0,16787941,5,3357588.2,100.0,High Stress,1,Critical
delhi,90,3656539,5,731307.8,21.779195918233345,Low Stress,2,Moderate
delhi,91,887978,5,177595.6,5.287501614044046,Low Stress,0,Low
delhi,92,2241624,5,448324.8,13.35086594955575,Low Stress,2,Moderate
delhi,93,1709346,5,341869.2,10.180205790417023,Low Stress,2,Moderate
delhi,94,142004,5,28400.8,0.8439025144131157,Low Stress,0,Low
delhi,95,582320,5,116464.0,3.4667657524791777,Low Stress,0,Low
delhi,96,2543243,5,508648.6,15.14754239783891,Low Stress,2,Moderate
delhi,97,2292958,5,458591.6,13.656651025416911,Low Stress,2,Moderate
delhi,98,2731929,5,546385.8,16.271502401422097,Low Stress,2,Moderate
rajasthan,0,68548437,1610,42576.66894409938,1.2661148065069827,Low Stress,0,Low
rajasthan,99,1969168,1610,1223.0857142857142,0.0344449010778879,Low Stress,0,Low
rajasthan,100,1774692,1610,1102.2931677018637,0.0308472311105557,Low Stress,0,Low
rajasthan,101,2363937,1610,1468.283850931677,0.0417478514436592,Low Stress,0,Low
rajasthan,102,2039547,1610,1266.7993788819876,0.0357468633489695,Low Stress,0,Low
rajasthan,103,2137045,1610,1327.357142857143,0.03755050815077,Low Stress,0,Low
rajasthan,104,3674179,1610,2282.0987577639758,0.0659864119515739,Low Stress,0,Low
rajasthan,105,2548462,1610,1582.895652173913,0.0451614348715473,Low Stress,0,Low
rajasthan,106,1206516,1610,749.3888198757764,0.0203363725400436,Low Stress,0,Low
rajasthan,107,1458248,1610,905.744099378882,0.0249932384577736,Low Stress,0,Low
rajasthan,108,1335551,1610,829.5347826086957,0.0227234297822468,Low Stress,0,Low
rajasthan,109,1634409,1610,1015.1608695652174,0.028252093736138,Low Stress,0,Low
rajasthan,110,6626178,1610,4115.63850931677,0.1205963285782761,Low Stress,0,Low
rajasthan,111,2677333,1610,1662.939751552795,0.0475454582284657,Low Stress,0,Low
rajasthan,112,3307743,1610,2054.498757763975,0.0592076022673489,Low Stress,0,Low
rajasthan,113,3687165,1610,2290.164596273292,0.0662266438680868,Low Stress,0,Low
rajasthan,114,669919,1610,416.09875776397513,0.0104097033805559,Low Stress,0,Low
rajasthan,115,2603751,1610,1617.2366459627328,0.0461842426978283,Low Stress,0,Low
rajasthan,116,1828730,1610,1135.857142857143,0.03184689631189,Low Stress,0,Low
rajasthan,117,1036346,1610,643.6931677018633,0.0171883465710761,Low Stress,0,Low
rajasthan,118,2037573,1610,1265.5732919254658,0.035710345729749,Low Stress,0,Low
rajasthan,119,2583052,1610,1604.3801242236025,0.0458013256764282,Low Stress,0,Low
rajasthan,120,1421326,1610,882.8111801242236,0.0243102072840872,Low Stress,0,Low
rajasthan,121,1110906,1610,690.0037267080745,0.0185676544176191,Low Stress,0,Low
rajasthan,122,2408523,1610,1495.9770186335404,0.0425726612565074,Low Stress,0,Low
rajasthan,123,1156597,1610,718.3832298136646,0.0194129059575385,Low Stress,0,Low
rajasthan,124,1388552,1610,862.4546583850931,0.023703911208945,Low Stress,0,Low
rajasthan,125,1797485,1610,1116.4503105590063,0.0312688856672383,Low Stress,0,Low
rajasthan,126,1544338,1610,959.216149068323,0.0265858432392768,Low Stress,0,Low
rajasthan,127,1951014,1610,1211.8099378881986,0.0341090647763034,Low Stress,0,Low
rajasthan,128,1222755,1610,759.4751552795032,0.0206367826811382,Low Stress,0,Low
rajasthan,129,1411129,1610,876.4776397515528,0.0241215699167159,Low Stress,0,Low
rajasthan,130,3068420,1610,1905.8509316770187,0.0547802941697337,Low Stress,0,Low
rajasthan,131,867848,1610,539.0360248447205,0.014071251432573,Low Stress,0,Low
uttar pradesh,0,199812341,3496,57154.559782608696,1.7003008679817655,Low Stress,0,Low
uttar pradesh,132,3466382,3496,991.5280320366132,0.0275482162848875,Low Stress,0,Low
uttar pradesh,133,4143512,3496,1185.2151029748284,0.0333169675686534,Low Stress,0,Low
uttar pradesh,134,3682713,3496,1053.4076086956522,0.0293912297888947,Low Stress,0,Low
uttar pradesh,135,4772006,3496,1364.9902745995423,0.0386713685984988,Low Stress,0,Low
uttar pradesh,136,2335819,3496,668.1404462242563,0.0179164812301295,Low Stress,0,Low
uttar pradesh,137,1840221,3496,526.379004576659,0.0136942763378166,Low Stress,0,Low
uttar pradesh,138,3443689,3496,985.0368993135012,0.0273548852068338,Low Stress,0,Low
uttar pradesh,139,1303048,3496,372.7254004576659,0.0091178767788627,Low Stress,0,Low
uttar pradesh,140,4681645,3496,1339.1433066361556,0.0379015457657306,Low Stress,0,Low
uttar pradesh,141,1648115,3496,471.4287757437071,0.0120576456552015,Low Stress,0,Low
uttar pradesh,142,3499171,3496,1000.9070366132725,0.027827559373871,Low Stress,0,Low
uttar pradesh,143,3673889,3496,1050.883581235698,0.0293160544734782,Low Stress,0,Low
uttar pradesh,144,1564708,3496,447.57093821510296,0.0113470668323387,Low Stress,0,Low
uttar pradesh,145,2547184,3496,728.5995423340961,0.0197171873206781,Low Stress,0,Low
uttar pradesh,146,4418797,3496,1263.95795194508,0.035662234647577,Low Stress,0,Low
uttar pradesh,147,2498156,3496,714.5755148741418,0.0192994974561905,Low Stress,0,Low
uttar pradesh,148,1868529,3496,534.4762585812357,0.0139354439294767,Low Stress,0,Low
uttar pradesh,149,3681896,3496,1053.1739130434785,0.0293842694270752,Low Stress,0,Low
uttar pradesh,150,4448359,3496,1272.4139016018307,0.0359140855852857,Low Stress,0,Low
uttar pradesh,151,2031007,3496,580.9516590389017,0.0153196613930121,Low Stress,0,Low
uttar pradesh,152,3006538,3496,859.9937070938215,0.0236306145461784,Low Stress,0,Low
uttar pradesh,153,4021243,3496,1150.241132723112,0.0322753072512627,Low Stress,0,Low
uttar pradesh,154,4483992,3496,1282.6064073226544,0.0362176578897094,Low Stress,0,Low
uttar pradesh,155,4092845,3496,1170.7222540045766,0.0328853143834533,Low Stress,0,Low
uttar pradesh,156,3108367,3496,889.120995423341,0.024498138026861,Low Stress,0,Low
uttar pradesh,157,4589838,3496,1312.882723112128,0.0371194038592891,Low Stress,0,Low
uttar pradesh,158,3405559,3496,974.1301487414188,0.0270300399238748,Low Stress,0,Low
uttar pradesh,159,1885204,3496,539.245995423341,0.0140775051697951,Low Stress,0,Low
uttar pradesh,160,1656616,3496,473.8604118993135,0.0121300691996661,Low Stress,0,Low
uttar pradesh,161,1581810,3496,452.4628146453089,0.0114927658627391,Low Stress,0,Low
uttar pradesh,162,1379545,3496,394.6066933638444,0.0097695864460673,Low Stress,0,Low
uttar pradesh,163,1796184,3496,513.7826086956521,0.0133191068721553,Low Stress,0,Low
uttar pradesh,164,4581268,3496,1310.4313501144163,0.0370463924752094,Low Stress,0,Low
uttar pradesh,165,1689974,3496,483.4021739130435,0.0124142598356206,Low Stress,0,Low
uttar pradesh,166,1998603,3496,571.6827803203661,0.0150435982786927,Low Stress,0,Low
uttar pradesh,167,1221592,3496,349.42562929061785,0.0084239193341026,Low Stress,0,Low
uttar pradesh,168,1104285,3496,315.87099542334096,0.0074245323525116,Low Stress,0,Low
uttar pradesh,169,875958,3496,250.5600686498856,0.0054793199496223,Low Stress,0,Low
uttar pradesh,170,1799410,3496,514.7053775743707,0.0133465905040154,Low Stress,0,Low
uttar pradesh,171,991730,3496,283.67562929061785,0.0064656296296308,Low Stress,0,Low
uttar pradesh,172,2632733,3496,753.0700800915332,0.0204460147298534,Low Stress,0,Low
uttar pradesh,173,3209141,3496,917.9465102974827,0.0253566735250227,Low Stress,0,Low
uttar pradesh,174,1599596,3496,457.5503432494279,0.0116442921728022,Low Stress,0,Low
uttar pradesh,175,5954391,3496,1703.2010869565215,0.048744596762449,Low Stress,0,Low
uttar pradesh,176,3260699,3496,932.6942219679634,0.025795917508731,Low Stress,0,Low
uttar pradesh,177,2470996,3496,706.8066361556064,0.0190681101526195,Low Stress,0,Low
uttar pradesh,178,2397888,3496,685.8947368421053,0.018445272781873,Low Stress,0,Low
uttar pradesh,179,3797117,3496,1086.1318649885584,0.0303658849095775,Low Stress,0,Low
uttar pradesh,180,3487731,3496,997.6347254004576,0.0277300972695686,Low Stress,0,Low
uttar pradesh,181,1117361,3496,319.6112700228833,0.0075359322192824,Low Stress,0,Low
uttar pradesh,182,2148665,3496,614.6066933638444,0.016322038689167,Low Stress,0,Low
uttar pradesh,183,3433919,3496,982.242276887872,0.0272716505251,Low Stress,0,Low
uttar pradesh,184,2559297,3496,732.0643592677345,0.0198203829910815,Low Stress,0,Low
uttar pradesh,185,2464464,3496,704.9382151029748,0.0190124613357223,Low Stress,0,Low
uttar pradesh,186,1715183,3496,490.6129862700229,0.012629025761089,Low Stress,0,Low
uttar pradesh,187,2684703,3496,767.9356407322655,0.020888768712423,Low Stress,0,Low
uttar pradesh,188,4440895,3496,1270.278890160183,0.0358504966738772,Low Stress,0,Low
uttar pradesh,189,3564544,3496,1019.6064073226544,0.0283844990718221,Low Stress,0,Low
uttar pradesh,190,3100946,3496,886.9982837528604,0.0244349154502851,Low Stress,0,Low
uttar pradesh,191,4613913,3496,1319.7691647597253,0.0373245087684744,Low Stress,0,Low
uttar pradesh,192,2205968,3496,630.9977116704805,0.0168102267103943,Low Stress,0,Low
uttar pradesh,193,3239774,3496,926.70881006865,0.0256176487558877,Low Stress,0,Low
uttar pradesh,194,4494204,3496,1285.527459954233,0.0363046581527458,Low Stress,0,Low
uttar pradesh,195,3620268,3496,1035.5457665903891,0.0288592349372196,Low Stress,0,Low
uttar pradesh,196,1952756,3496,558.5686498855836,0.0146530086724031,Low Stress,0,Low
uttar pradesh,197,3676841,3496,1051.7279748283752,0.0293412037857073,Low Stress,0,Low
uttar pradesh,198,1578213,3496,451.4339244851259,0.0114621215280209,Low Stress,0,Low
uttar pradesh,199,2496970,3496,714.2362700228833,0.0192893934303424,Low Stress,0,Low
uttar pradesh,200,1862559,3496,532.7685926773455,0.0138845830236476,Low Stress,0,Low
uttar pradesh,201,1774480,3496,507.57437070938215,0.0131342014952516,Low Stress,0,Low
uttar pradesh,202,1436719,3496,410.9608123569794,0.0102566754627968,Low Stress,0,Low
bihar,0,104099452,1883,55283.83005841742,1.6445832899021735,Low Stress,0,Low
bihar,203,3935042,1883,2089.772703133298,0.0602581970057953,Low Stress,0,Low
bihar,204,5099371,1883,2708.1099309612323,0.0786746749852188,Low Stress,0,Low
bihar,205,656246,1883,348.5108868826341,0.0083966747616342,Low Stress,0,Low
bihar,206,3423574,1883,1818.1486988847585,0.0521681819334405,Low Stress,0,Low
bihar,207,4487379,1883,2383.1009028146573,0.0689946470965521,Low Stress,0,Low
bihar,208,2229076,1883,1183.789697291556,0.0332745134656231,Low Stress,0,Low
bihar,209,2811569,1883,1493.1327668613917,0.0424879484205785,Low Stress,0,Low
bihar,210,1690400,1883,897.7164099840679,0.0247541427696738,Low Stress,0,Low
bihar,211,3264619,1883,1733.7328730748804,0.0496539516280721,Low Stress,0,Low
bihar,212,3071029,1883,1630.9235262878385,0.0465918910145886,Low Stress,0,Low
bihar,213,2001762,1883,1063.07063197026,0.0296790320549439,Low Stress,0,Low
bihar,214,1900661,1883,1009.379182156134,0.0280798926878082,Low Stress,0,Low
bihar,215,3937385,1883,2091.016994158258,0.0602952568126933,Low Stress,0,Low
bihar,216,4801062,1883,2549.687732342008,0.0739562482093128,Low Stress,0,Low
bihar,217,2562012,1883,1360.6011683483805,0.0385406440116778,Low Stress,0,Low
bihar,218,3330464,1883,1768.7010090281465,0.0506954381774539,Low Stress,0,Low
bihar,219,3951862,1883,2098.705257567711,0.0605242430800697,Low Stress,0,Low
bihar,220,3495021,1883,1856.091874668083,0.0532982766937667,Low Stress,0,Low
bihar,221,4261566,1883,2263.178969729156,0.0654229073718115,Low Stress,0,Low
bihar,222,2970541,1883,1577.5576208178438,0.0450024476191254,Low Stress,0,Low
bihar,223,1666886,1883,885.2288900690388,0.0243822160520466,Low Stress,0,Low
bihar,224,3037766,1883,1613.2586298459903,0.0460657619677045,Low Stress,0,Low
bihar,225,2034763,1883,1080.5963887413702,0.0302010169834297,Low Stress,0,Low
bihar,226,1367765,1883,726.3754646840149,0.0196509456725549,Low Stress,0,Low
bihar,227,1000912,1883,531.5517790759426,0.013848341600866,Low Stress,0,Low
bihar,228,636342,1883,337.9405204460966,0.0080818483013275,Low Stress,0,Low
bihar,229,2877653,1883,1528.2278279341476,0.0435332152917053,Low Stress,0,Low
bihar,230,5838465,1883,3100.618693574084,0.0903651064489408,Low Stress,0,Low
bihar,231,2728407,1883,1448.968135953266,0.0411725546257621,Low Stress,0,Low
bihar,232,1706352,1883,906.1879978757302,0.025006459474598,Low Stress,0,Low
bihar,233,1626384,1883,863.7195963887414,0.0237415859628513,Low Stress,0,Low
bihar,234,2959918,1883,1571.9160913436006,0.0448344210170435,Low Stress,0,Low
bihar,235,2540073,1883,1348.950079660117,0.0381936294561779,Low Stress,0,Low
bihar,236,4391418,1883,2332.139139670738,0.0674768083728036,Low Stress,0,Low
bihar,237,2219146,1883,1178.5161975570898,0.0331174482148772,Low Stress,0,Low
bihar,238,1760405,1883,934.8937865108868,0.0258614290615634,Low Stress,0,Low
bihar,239,1125313,1883,597.6171003717473,0.0158160227950287,Low Stress,0,Low
bihar,240,700843,1883,372.1949017525226,0.0091020764723606,Low Stress,0,Low
sikkim,0,610577,24,25440.70833333333,0.7557395176811584,Low Stress,0,Low
sikkim,241,43709,24,1821.2083333333333,0.0522593096998297,Low Stress,0,Low
sikkim,242,136435,24,5684.791666666667,0.1673317882402954,Low Stress,0,Low
sikkim,243,146850,24,6118.75,0.1802567484887581,Low Stress,0,Low
sikkim,244,283583,24,11815.958333333334,0.349941682684922,Low Stress,0,Low
arunachal pradesh,0,1383727,97,14265.226804123711,0.4228903858003023,Low Stress,0,Low
arunachal pradesh,245,49977,97,515.2268041237113,0.0133621206065738,Low Stress,0,Low
arunachal pradesh,246,83947,97,865.4329896907217,0.0237926174527826,Low Stress,0,Low
arunachal pradesh,247,78690,97,811.2371134020618,0.0221784543111717,Low Stress,0,Low
arunachal pradesh,248,176573,97,1820.340206185567,0.0522334535103903,Low Stress,0,Low
arunachal pradesh,249,83448,97,860.2886597938144,0.0236393993801815,Low Stress,0,Low
arunachal pradesh,250,112274,97,1157.4639175257732,0.0324904297625428,Low Stress,0,Low
arunachal pradesh,251,99214,97,1022.8247422680412,0.0284803535537855,Low Stress,0,Low
arunachal pradesh,252,35320,97,364.12371134020617,0.0088616851554439,Low Stress,0,Low
arunachal pradesh,253,148226,97,1528.1030927835052,0.0435295001957162,Low Stress,0,Low
arunachal pradesh,254,111975,97,1154.381443298969,0.0323986217390805,Low Stress,0,Low
arunachal pradesh,255,83030,97,855.979381443299,0.0235110523774816,Low Stress,0,Low
arunachal pradesh,256,92076,97,949.2371134020618,0.0262886289000252,Low Stress,0,Low
arunachal pradesh,257,8004,97,82.51546391752578,0.0004743006440798,Low Stress,0,Low
arunachal pradesh,258,54080,97,557.5257731958762,0.0146219477646543,Low Stress,0,Low
arunachal pradesh,259,145726,97,1502.3298969072166,0.0427618745814824,Low Stress,0,Low
arunachal pradesh,260,21167,97,218.2164948453608,0.0045160030281436,Low Stress,0,Low
nagaland,0,1978502,126,15702.396825396823,0.4656948763894232,Low Stress,0,Low
nagaland,261,250260,126,1986.190476190476,0.0571731170272646,Low Stress,0,Low
nagaland,262,194622,126,1544.6190476190477,0.0440214093107574,Low Stress,0,Low
nagaland,263,140757,126,1117.1190476190477,0.0312888032474615,Low Stress,0,Low
nagaland,264,166343,126,1320.1825396825398,0.037336820675021,Low Stress,0,Low
nagaland,265,378811,126,3006.436507936508,0.0875599961146637,Low Stress,0,Low
nagaland,266,163418,126,1296.968253968254,0.0366454093182004,Low Stress,0,Low
nagaland,267,196596,126,1560.2857142857142,0.0444880233341297,Low Stress,0,Low
nagaland,268,50484,126,400.6666666666667,0.0099500759263455,Low Stress,0,Low
nagaland,269,74004,126,587.3333333333334,0.0155097323750361,Low Stress,0,Low
nagaland,270,267988,126,2126.8888888888887,0.0613636607994749,Low Stress,0,Low
nagaland,271,95219,126,755.7063492063492,0.020524533036557,Low Stress,0,Low
manipur,0,2855794,85,33597.57647058823,0.9986826491476312,Low Stress,0,Low
manipur,272,479148,85,5637.035294117647,0.1659094184656085,Low Stress,0,Low
manipur,273,140651,85,1654.7176470588236,0.0473005721055815,Low Stress,0,Low
manipur,274,274143,85,3225.211764705882,0.0940759707599055,Low Stress,0,Low
manipur,275,237399,85,2792.929411764706,0.0812009276999882,Low Stress,0,Low
manipur,276,422168,85,4966.682352941177,0.1459437110425166,Low Stress,0,Low
manipur,277,517992,85,6094.023529411765,0.1795202984084407,Low Stress,0,Low
manipur,278,456113,85,5366.035294117647,0.157837988657063,Low Stress,0,Low
manipur,279,183998,85,2164.6823529411763,0.0624892965644928,Low Stress,0,Low
manipur,280,144182,85,1696.2588235294118,0.0485378292644256,Low Stress,0,Low
mizoram,0,1097206,57,19249.22807017544,0.5713332506882667,Low Stress,0,Low
mizoram,281,86364,57,1515.157894736842,0.0431439420503606,Low Stress,0,Low
mizoram,282,83955,57,1472.8947368421052,0.0418851814878704,Low Stress,0,Low
mizoram,283,400309,57,7022.964912280701,0.2071877713533846,Low Stress,0,Low
mizoram,284,125745,57,2206.0526315789475,0.063721463723846,Low Stress,0,Low
mizoram,285,64937,57,1139.2456140350878,0.0319478181099382,Low Stress,0,Low
mizoram,286,161428,57,2832.0701754385964,0.0823666912669501,Low Stress,0,Low
mizoram,287,117894,57,2068.315789473684,0.0596191269965274,Low Stress,0,Low
mizoram,288,56574,57,992.5263157894736,0.0275779490422315,Low Stress,0,Low
tripura,0,3673917,83,44264.06024096385,1.3163718559984663,Low Stress,0,Low
tripura,289,1725739,83,20792.036144578316,0.6172840517236912,Low Stress,0,Low
tripura,290,876001,83,10554.22891566265,0.3123624928985534,Low Stress,0,Low
tripura,291,378230,83,4556.987951807229,0.1337414246893552,Low Stress,0,Low
tripura,292,693947,83,8360.807228915663,0.2470338981195137,Low Stress,0,Low
meghalaya,0,2966889,108,27471.194444444445,0.8162152598326708,Low Stress,0,Low
meghalaya,293,643291,108,5956.398148148148,0.1754212814167669,Low Stress,0,Low
meghalaya,294,317917,108,2943.675925925926,0.0856907428584207,Low Stress,0,Low
meghalaya,295,142334,108,1317.9074074074074,0.0372690584223867,Low Stress,0,Low
meghalaya,296,383461,108,3550.564814814815,0.1037662449552946,Low Stress,0,Low
meghalaya,297,258840,108,2396.6666666666665,0.0693986880955588,Low Stress,0,Low
meghalaya,298,825922,108,7647.425925925926,0.2257866393969662,Low Stress,0,Low
meghalaya,299,395124,108,3658.555555555556,0.1069826275525703,Low Stress,0,Low
assam,0,31205576,978,31907.541922290387,0.9483468733889489,Low Stress,0,Low
assam,300,887142,978,907.0981595092024,0.0250335676138563,Low Stress,0,Low
assam,301,1949258,978,1993.1063394683024,0.0573790982265726,Low Stress,0,Low
assam,302,1008183,978,1030.861963190184,0.0287197331276927,Low Stress,0,Low
assam,303,1693622,978,1731.719836400818,0.0495939955977521,Low Stress,0,Low
assam,304,957423,978,978.9601226993864,0.0271738952588521,Low Stress,0,Low
assam,305,2823768,978,2887.288343558282,0.0840113022194759,Low Stress,0,Low
assam,306,1924110,978,1967.3926380368096,0.0566132445873764,Low Stress,0,Low
assam,307,1042137,978,1065.579754601227,0.0297537634468143,Low Stress,0,Low
assam,308,686133,978,701.5674846625767,0.0189120679255629,Low Stress,0,Low
assam,309,1327929,978,1357.8006134969326,0.0384572326393219,Low Stress,0,Low
assam,310,1326335,978,1356.170756646217,0.0384086891885155,Low Stress,0,Low
assam,311,1151050,978,1176.9427402862989,0.0330705845620435,Low Stress,0,Low
assam,312,1092256,978,1116.8261758691206,0.0312800803922127,Low Stress,0,Low
assam,313,1066888,978,1090.8875255623725,0.0305075269040971,Low Stress,0,Low
assam,314,956313,978,977.8251533742332,0.0271400914756682,Low Stress,0,Low
assam,315,214102,978,218.918200408998,0.0045369025381183,Low Stress,0,Low
assam,316,1736617,978,1775.6820040899795,0.0509033592535992,Low Stress,0,Low
assam,317,1228686,978,1256.3251533742332,0.0354349003379558,Low Stress,0,Low
assam,318,659296,978,674.1267893660531,0.0180947777189814,Low Stress,0,Low
assam,319,738804,978,755.4233128834355,0.0205161031184254,Low Stress,0,Low
assam,320,482162,978,493.0081799591002,0.0127003639077284,Low Stress,0,Low
assam,321,1517542,978,1551.678936605317,0.0442316801535943,Low Stress,0,Low
assam,322,1253938,978,1282.1451942740289,0.0362039211784594,Low Stress,0,Low
assam,323,771639,978,788.9969325153374,0.0215160555696347,Low Stress,0,Low
assam,324,950075,978,971.4468302658488,0.0269501203049467,Low Stress,0,Low
assam,325,928500,978,949.3865030674848,0.026293078302972,Low Stress,0,Low
assam,326,831668,978,850.3762781186094,0.0233441702549899,Low Stress,0,Low
west bengal,0,91276115,909,100413.76787678768,2.988727663942756,Low Stress,0,Low
west bengal,327,1846823,909,2031.7084708470848,0.058528819237215,Low Stress,0,Low
west bengal,328,3872846,909,4260.556655665567,0.1249125523651353,Low Stress,0,Low
west bengal,329,2819086,909,3101.304730473047,0.0903855392853838,Low Stress,0,Low
west bengal,330,3007134,909,3308.1782178217823,0.0965470331318205,Low Stress,0,Low
west bengal,331,1676276,909,1844.08800880088,0.0529407550672784,Low Stress,0,Low
west bengal,332,3988845,909,4388.168316831683,0.1287133219808335,Low Stress,0,Low
west bengal,333,7103807,909,7814.969196919692,0.2307767270416905,Low Stress,0,Low
west bengal,334,3502404,909,3853.029702970297,0.1127748210228094,Low Stress,0,Low
west bengal,335,7717563,909,8490.168316831683,0.2508867724408098,Low Stress,0,Low
west bengal,336,5167600,909,5684.928492849285,0.1673358634540555,Low Stress,0,Low
west bengal,337,10009781,909,11011.860286028605,0.3259925278952222,Low Stress,0,Low
west bengal,338,5519145,909,6071.666666666667,0.1788544244291553,Low Stress,0,Low
west bengal,339,3596674,909,3956.73707370737,0.115863628268319,Low Stress,0,Low
west bengal,340,2930115,909,3223.4488448844886,0.0940234641783687,Low Stress,0,Low
west bengal,341,4850029,909,5335.565456545654,0.156930478859129,Low Stress,0,Low
west bengal,342,4496694,909,4946.858085808581,0.1453532675714221,Low Stress,0,Low
west bengal,343,8161961,909,8979.05500550055,0.2654477118944001,Low Stress,0,Low
west bengal,344,5913457,909,6505.453245324533,0.1917742691580338,Low Stress,0,Low
west bengal,345,5095875,909,5606.023102310231,0.1649857552575542,Low Stress,0,Low
jharkhand,0,32988134,330,99964.04242424242,2.975333097804987,Low Stress,0,Low
jharkhand,346,1322784,330,4008.436363636364,0.1174034333967821,Low Stress,0,Low
jharkhand,347,1042886,330,3160.2606060606063,0.0921414736455548,Low Stress,0,Low
jharkhand,348,716259,330,2170.481818181818,0.0626620271055147,Low Stress,0,Low
jharkhand,349,2445474,330,7410.527272727273,0.2187308797990625,Low Stress,0,Low
jharkhand,350,1492073,330,4521.433333333333,0.1326824704185741,Low Stress,0,Low
jharkhand,351,1313551,330,3980.457575757576,0.1165701167086205,Low Stress,0,Low
jharkhand,352,1150567,330,3486.5666666666666,0.1018601321853511,Low Stress,0,Low
jharkhand,353,900422,330,2728.551515151515,0.0792835045496739,Low Stress,0,Low
jharkhand,354,2684487,330,8134.809090909091,0.2403027980907977,Low Stress,0,Low
jharkhand,355,2062330,330,6249.484848484848,0.1841505387215119,Low Stress,0,Low
jharkhand,356,461790,330,1399.3636363636365,0.0396951404684716,Low Stress,0,Low
jharkhand,357,2293919,330,6951.269696969697,0.2050524101061842,Low Stress,0,Low
jharkhand,358,1939869,330,5878.390909090909,0.1730979236506823,Low Stress,0,Low
jharkhand,359,726978,330,2202.9636363636364,0.0636294614800847,Low Stress,0,Low
jharkhand,360,1734495,330,5256.045454545455,0.1545620651524131,Low Stress,0,Low
jharkhand,361,949443,330,2877.1,0.0837078538803762,Low Stress,0,Low
jharkhand,362,1321442,330,4004.369696969697,0.1172823123098642,Low Stress,0,Low
jharkhand,363,791042,330,2397.0969696969696,0.069411504186723,Low Stress,0,Low
jharkhand,364,2914253,330,8831.069696969696,0.2610401361360875,Low Stress,0,Low
jharkhand,365,531885,330,1611.7727272727273,0.0460215060329354,Low Stress,0,Low
jharkhand,366,1025213,330,3106.7060606060604,0.0905464118205919,Low Stress,0,Low
jharkhand,367,599578,330,1816.9030303030304,0.0521310810975655,Low Stress,0,Low
jharkhand,368,1502338,330,4552.539393939394,0.133608929403084,Low Stress,0,Low
jharkhand,369,1065056,330,3227.4424242424243,0.0941424084421046,Low Stress,0,Low
odisha,0,41974218,1305,32164.15172413793,0.9559897073513,Low Stress,0,Low
odisha,370,1481255,1305,1135.0613026819924,0.0318231931085227,Low Stress,0,Low
odisha,371,579505,1305,444.0651340996168,0.0112426504048824,Low Stress,0,Low
odisha,372,1041099,1305,797.7770114942529,0.02177756033418,Low Stress,0,Low
odisha,373,312520,1305,239.47892720306515,0.0051492806308526,Low Stress,0,Low
odisha,374,2093437,1305,1604.1662835249042,0.045794956672038,Low Stress,0,Low
odisha,375,1801733,1305,1380.638314176245,0.0391374278349737,Low Stress,0,Low
odisha,376,2519738,1305,1930.833716475096,0.0555243782801384,Low Stress,0,Low
odisha,377,2320529,1305,1778.183141762452,0.0509778528224733,Low Stress,0,Low
odisha,378,1506337,1305,1154.2812260536398,0.0323956368812898,Low Stress,0,Low
odisha,379,1440361,1305,1103.7249042145593,0.0308898737702109,Low Stress,0,Low
odisha,380,1136971,1305,871.2421455938697,0.0239656366192739,Low Stress,0,Low
odisha,381,2624470,1305,2011.088122605364,0.0579146653868061,Low Stress,0,Low
odisha,382,1827192,1305,1400.1471264367815,0.039718475837959,Low Stress,0,Low
odisha,383,1192811,1305,914.031417624521,0.0252400668988096,Low Stress,0,Low
odisha,384,1273821,1305,976.1080459770114,0.0270889493655929,Low Stress,0,Low
odisha,385,962789,1305,737.7693486590039,0.0199902996753255,Low Stress,0,Low
odisha,386,2251673,1305,1725.4199233716474,0.049406359782937,Low Stress,0,Low
odisha,387,1698730,1305,1301.7088122605364,0.0367866015082723,Low Stress,0,Low
odisha,388,3529031,1305,2704.238314176245,0.0785593632393678,Low Stress,0,Low
odisha,389,577817,1305,442.77164750957854,0.011204125363481,Low Stress,0,Low
odisha,390,733110,1305,561.7701149425287,0.0147483607037376,Low Stress,0,Low
odisha,391,441162,1305,338.0551724137931,0.008085263081068,Low Stress,0,Low
odisha,392,610183,1305,467.5731800766284,0.011942811080305,Low Stress,0,Low
odisha,393,1648997,1305,1263.599233716475,0.0356515506291149,Low Stress,0,Low
odisha,394,610382,1305,467.7256704980843,0.0119473528357783,Low Stress,0,Low
odisha,395,1576869,1305,1208.328735632184,0.0340053810875256,Low Stress,0,Low
odisha,396,967911,1305,741.6942528735632,0.0201071985272557,Low Stress,0,Low
odisha,397,1220946,1305,935.5908045977012,0.0258821889603199,Low Stress,0,Low
odisha,398,1379647,1305,1057.200766283525,0.0295042047159178,Low Stress,0,Low
odisha,399,613192,1305,469.87892720306513,0.0120114851618079,Low Stress,0,Low
chhattisgarh,0,25545198,783,32624.773946360157,0.9697088215023072,Low Stress,0,Low
chhattisgarh,400,658917,783,841.528735632184,0.0230806561658485,Low Stress,0,Low
chhattisgarh,401,2359886,783,3013.9029374201787,0.0877823753083829,Low Stress,0,Low
chhattisgarh,402,851669,783,1087.6998722860792,0.0304125862410949,Low Stress,0,Low
chhattisgarh,403,1493984,783,1908.0255427841637,0.0548450625125831,Low Stress,0,Low
chhattisgarh,404,1206640,783,1541.0472541507024,0.0439150274647413,Low Stress,0,Low
chhattisgarh,405,1619707,783,2068.5913154533846,0.0596273332275443,Low Stress,0,Low
chhattisgarh,406,2663629,783,3401.8250319284803,0.0993361980279686,Low Stress,0,Low
chhattisgarh,407,822526,783,1050.4802043422733,0.0293040403469776,Low Stress,0,Low
chhattisgarh,408,1537133,783,1963.13282247765,0.0564863707782136,Low Stress,0,Low
chhattisgarh,409,3343872,783,4270.590038314176,0.1252113853680524,Low Stress,0,Low
chhattisgarh,410,4063872,783,5190.130268199234,0.1525988555586466,Low Stress,0,Low
chhattisgarh,411,1032754,783,1318.970625798212,0.0373007251847946,Low Stress,0,Low
chhattisgarh,412,799781,783,1021.4316730523628,0.0284388625560261,Low Stress,0,Low
chhattisgarh,413,748941,783,956.5019157088122,0.0265050028553458,Low Stress,0,Low
chhattisgarh,414,1413199,783,1804.851851851852,0.0517721503190454,Low Stress,0,Low
chhattisgarh,415,139820,783,178.56960408684546,0.0033351650359501,Low Stress,0,Low
chhattisgarh,416,533638,783,681.5300127713921,0.0183152743908382,Low Stress,0,Low
chhattisgarh,417,255230,783,325.9642401021711,0.0077251482785841,Low Stress,0,Low
madhya pradesh,0,72626809,1156,62825.95934256056,1.8692171169277705,Low Stress,0,Low
madhya pradesh,418,687861,1156,595.0354671280277,0.0157391317562166,Low Stress,0,Low
madhya pradesh,419,1965970,1156,1700.666089965398,0.0486690947319002,Low Stress,0,Low
madhya pradesh,420,1703005,1156,1473.1877162629758,0.041893907549977,Low Stress,0,Low
madhya pradesh,421,2032036,1156,1757.8166089965398,0.0503712585801726,Low Stress,0,Low
madhya pradesh,422,786754,1156,680.583044982699,0.0182870700216965,Low Stress,0,Low
madhya pradesh,423,1726050,1156,1493.1228373702422,0.0424876526818669,Low Stress,0,Low
madhya pradesh,424,1445166,1156,1250.143598615917,0.0352507896909468,Low Stress,0,Low
madhya pradesh,425,1762375,1156,1524.545847750865,0.0434235516584735,Low Stress,0,Low
madhya pradesh,426,1016520,1156,879.3425605536332,0.0242068983564246,Low Stress,0,Low
madhya pradesh,427,2378458,1156,2057.489619377163,0.0592966817122859,Low Stress,0,Low
madhya pradesh,428,1264219,1156,1093.615051903114,0.0305887632045039,Low Stress,0,Low
madhya pradesh,429,2228935,1156,1928.14446366782,0.0554442819138234,Low Stress,0,Low
madhya pradesh,430,2365106,1156,2045.939446366782,0.0589526728166038,Low Stress,0,Low
madhya pradesh,431,644758,1156,557.7491349480969,0.0146286003429014,Low Stress,0,Low
madhya pradesh,432,826067,1156,714.590830449827,0.0192999536133644,Low Stress,0,Low
madhya pradesh,433,1340411,1156,1159.5250865051903,0.0325518193593728,Low Stress,0,Low
madhya pradesh,434,1455069,1156,1258.7102076124568,0.0355059364924701,Low Stress,0,Low
madhya pradesh,435,1986864,1156,1718.7404844290656,0.0492074202162008,Low Stress,0,Low
madhya pradesh,436,1512681,1156,1308.547577854671,0.0369902864398964,Low Stress,0,Low
madhya pradesh,437,1563715,1156,1352.6946366782006,0.0383051568699623,Low Stress,0,Low
madhya pradesh,438,2185793,1156,1890.824394463668,0.0543327456812353,Low Stress,0,Low
madhya pradesh,439,3276697,1156,2834.5129757785467,0.0824394473240726,Low Stress,0,Low
madhya pradesh,440,1873046,1156,1620.2820069204151,0.0462749453443656,Low Stress,0,Low
madhya pradesh,441,1385881,1156,1198.8589965397923,0.0337233355731733,Low Stress,0,Low
madhya pradesh,442,1545814,1156,1337.2093425605535,0.0378439448237067,Low Stress,0,Low
madhya pradesh,443,1458875,1156,1262.0025951557093,0.0356039965476653,Low Stress,0,Low
madhya pradesh,444,2371061,1156,2051.090830449827,0.0591061009901948,Low Stress,0,Low
madhya pradesh,445,1311332,1156,1134.370242214533,0.0318026106507494,Low Stress,0,Low
madhya pradesh,446,1331597,1156,1151.9005190311418,0.0323247302037001,Low Stress,0,Low
madhya pradesh,447,1575362,1156,1362.7698961937715,0.0386052371282015,Low Stress,0,Low
madhya pradesh,448,570465,1156,493.4818339100346,0.0127144711572431,Low Stress,0,Low
madhya pradesh,449,1241350,1156,1073.8321799307955,0.0299995526416404,Low Stress,0,Low
madhya pradesh,450,1292042,1156,1117.6833910034602,0.0313056115796209,Low Stress,0,Low
madhya pradesh,451,2463289,1156,2130.872837370242,0.0614823182183978,Low Stress,0,Low
madhya pradesh,452,1091854,1156,944.5103806228374,0.0261478484872899,Low Stress,0,Low
madhya pradesh,453,704524,1156,609.4498269896194,0.0161684472317072,Low Stress,0,Low
madhya pradesh,454,1054905,1156,912.5475778546712,0.0251958724023171,Low Stress,0,Low
madhya pradesh,455,2090922,1156,1808.7560553633216,0.0518884326238465,Low Stress,0,Low
madhya pradesh,456,1379131,1156,1193.0198961937715,0.0335494245451734,Low Stress,0,Low
madhya pradesh,457,1701698,1156,1472.0570934256054,0.0418602332220369,Low Stress,0,Low
madhya pradesh,458,1241519,1156,1073.9783737024222,0.0300039068584896,Low Stress,0,Low
madhya pradesh,459,845071,1156,731.030276816609,0.019789584009825,Low Stress,0,Low
madhya pradesh,460,1066063,1156,922.1998269896194,0.02548335377275,Low Stress,0,Low
madhya pradesh,461,749237,1156,648.128892733564,0.017320459645775,Low Stress,0,Low
madhya pradesh,462,1127033,1156,974.9420415224912,0.0270542212360316,Low Stress,0,Low
madhya pradesh,463,1178273,1156,1019.2673010380624,0.0283743991730261,Low Stress,0,Low
madhya pradesh,464,1025048,1156,886.719723183391,0.0244266188374294,Low Stress,0,Low
madhya pradesh,465,728999,1156,630.6219723183391,0.0167990357369363,Low Stress,0,Low
madhya pradesh,466,1310061,1156,1133.2707612456747,0.031769863848292,Low Stress,0,Low
madhya pradesh,467,757847,1156,655.5769896193772,0.0175422928237126,Low Stress,0,Low
gujarat,0,60439692,1158,52193.17098445596,1.552531489984741,Low Stress,0,Low
gujarat,468,2092371,1158,1806.8834196891191,0.0518326582791923,Low Stress,0,Low
gujarat,469,3120506,1158,2694.7374784110534,0.0782763915456362,Low Stress,0,Low
gujarat,470,1343734,1158,1160.392055267703,0.032577641047612,Low Stress,0,Low
gujarat,471,2035064,1158,1757.3955094991366,0.0503587166058711,Low Stress,0,Low
gujarat,472,2428589,1158,2097.227115716753,0.0604802182896746,Low Stress,0,Low
gujarat,473,1391753,1158,1201.8592400690843,0.0338126944479158,Low Stress,0,Low
gujarat,474,7214225,1158,6229.900690846287,0.1835672466412937,Low Stress,0,Low
gujarat,475,1756268,1158,1516.6390328151986,0.0431880560800145,Low Stress,0,Low
gujarat,476,3804558,1158,3285.455958549223,0.0958702762284625,Low Stress,0,Low
gujarat,477,2160119,1158,1865.387737478411,0.0535751434988716,Low Stress,0,Low
gujarat,478,585449,1158,505.5690846286701,0.013074476307626,Low Stress,0,Low
gujarat,479,2743082,1158,2368.810017271157,0.0685690091645731,Low Stress,0,Low
gujarat,480,1514190,1158,1307.5906735751296,0.036961786123565,Low Stress,0,Low
gujarat,481,2880365,1158,2487.3618307426595,0.0720999414195953,Low Stress,0,Low
gujarat,482,2092745,1158,1807.206390328152,0.0518422775959568,Low Stress,0,Low
gujarat,483,2299885,1158,1986.0837651122624,0.0571699387579746,Low Stress,0,Low
gujarat,484,2390776,1158,2064.573402417962,0.0595076642126283,Low Stress,0,Low
gujarat,485,2127086,1158,1836.86183074266,0.0527255314917029,Low Stress,0,Low
gujarat,486,4165626,1158,3597.259067357513,0.1051569806817185,Low Stress,0,Low
gujarat,487,590297,1158,509.7556131260794,0.0131991673441881,Low Stress,0,Low
gujarat,488,1551019,1158,1339.394645941278,0.0379090316238834,Low Stress,0,Low
gujarat,489,228291,1158,197.1424870466321,0.0038883374387259,Low Stress,0,Low
gujarat,490,1329672,1158,1148.2487046632125,0.0322159650253068,Low Stress,0,Low
gujarat,491,1705678,1158,1472.951640759931,0.0418868763069795,Low Stress,0,Low
gujarat,492,6081322,1158,5251.573402417962,0.1544288701160765,Low Stress,0,Low
gujarat,493,807022,1158,696.9101899827289,0.0187733556484186,Low Stress,0,Low
daman and diu,0,243247,3,81082.33333333333,2.4129626565037032,Low Stress,0,Low
daman and diu,494,52074,3,17358.0,0.5150051524581117,Low Stress,0,Low
daman and diu,495,191173,3,63724.333333333336,1.8959741745231409,Low Stress,0,Low
dadra and nagar haveli,0,343709,6,57284.833333333336,1.7041809189802304,Low Stress,0,Low
dadra and nagar haveli,496,343709,6,57284.833333333336,1.7041809189802304,Low Stress,0,Low
maharashtra,0,112374333,1811,62050.984538928766,1.846135365153212,Low Stress,0,Low
maharashtra,497,1648295,1811,910.1573716178908,0.0251246828013277,Low Stress,0,Low
maharashtra,498,2050862,1811,1132.4472667034788,0.0317453369907456,Low Stress,0,Low
maharashtra,499,4229917,1811,2335.68028713418,0.0675822774620762,Low Stress,0,Low
maharashtra,500,2586258,1811,1428.0828271673108,0.0405505092239332,Low Stress,0,Low
maharashtra,501,1813906,1811,1001.6046383213694,0.0278483366551301,Low Stress,0,Low
maharashtra,502,1197160,1811,661.0491441192711,0.0177052747829281,Low Stress,0,Low
maharashtra,503,2888445,1811,1594.9447818884594,0.045520304630754,Low Stress,0,Low
maharashtra,504,1300774,1811,718.2628382109332,0.0194093202292323,Low Stress,0,Low
maharashtra,505,4653570,1811,2569.613473219216,0.0745497139616141,Low Stress,0,Low
maharashtra,506,1200334,1811,662.8017669795693,0.0177574746810748,Low Stress,0,Low
maharashtra,507,1322507,1811,730.2633903920486,0.0197667431613122,Low Stress,0,Low
maharashtra,508,1072942,1811,592.4583103257869,0.0156623740431727,Low Stress,0,Low
maharashtra,509,2204307,1811,1217.17669795693,0.0342689076810785,Low Stress,0,Low
maharashtra,510,2772348,1811,1530.838210933186,0.0436109626096026,Low Stress,0,Low
maharashtra,511,3361292,1811,1856.0419657647708,0.0532967902132874,Low Stress,0,Low
maharashtra,512,1177345,1811,650.1076753175041,0.0173793954565965,Low Stress,0,Low
maharashtra,513,1836086,1811,1013.8520154610712,0.0282131109906353,Low Stress,0,Low
maharashtra,514,1959046,1811,1081.748205411375,0.030235322545807,Low Stress,0,Low
maharashtra,515,3701282,1811,2043.7780231916067,0.0588882972614563,Low Stress,0,Low
maharashtra,516,6107187,1811,3372.273329652126,0.0984560338558408,Low Stress,0,Low
maharashtra,517,11060148,1811,6107.204859193816,0.1799128894716109,Low Stress,0,Low
maharashtra,518,9356962,1811,5166.737713970182,0.1519021346748739,Low Stress,0,Low
maharashtra,519,3085411,1811,1703.7056874654886,0.0487596257203438,Low Stress,0,Low
maharashtra,520,2634200,1811,1454.5554942020983,0.041338967798901,Low Stress,0,Low
maharashtra,521,9429408,1811,5206.741027056874,0.1530935883047208,Low Stress,0,Low
maharashtra,522,4543159,1811,2508.64660408614,0.072733884423406,Low Stress,0,Low
maharashtra,523,2585049,1811,1427.415240198785,0.0405306258978905,Low Stress,0,Low
maharashtra,524,2454196,1811,1355.160684704583,0.0383786053332444,Low Stress,0,Low
maharashtra,525,1657576,1811,915.2821645499724,0.0252773189874333,Low Stress,0,Low
maharashtra,526,4317756,1811,2384.1833241303148,0.069026885796451,Low Stress,0,Low
maharashtra,527,3003741,1811,1658.6090557702926,0.0474164733316737,Low Stress,0,Low
maharashtra,528,1615069,1811,891.8106018774158,0.0245782449261476,Low Stress,0,Low
maharashtra,529,849651,1811,469.1612368856985,0.0119901095639448,Low Stress,0,Low
maharashtra,530,3876001,1811,2140.254555494202,0.0617617421273318,Low Stress,0,Low
maharashtra,531,2822143,1811,1558.3340695748204,0.044429895794295,Low Stress,0,Low
andhra pradesh,0,84580777,1709,49491.385020479815,1.4720618377118746,Low Stress,0,Low
andhra pradesh,532,2741239,1709,1604.001755412522,0.0457900563874969,Low Stress,0,Low
andhra pradesh,533,2551335,1709,1492.8818022235223,0.0424804737214679,Low Stress,0,Low
andhra pradesh,534,3776269,1709,2209.6366296079577,0.0638282090689572,Low Stress,0,Low
andhra pradesh,535,3033288,1709,1774.8905792861322,0.0508797875570937,Low Stress,0,Low
andhra pradesh,536,3943323,1709,2307.386190754828,0.0667395696653154,Low Stress,0,Low
andhra pradesh,537,5296741,1709,3099.321825629023,0.090326480697688,Low Stress,0,Low
andhra pradesh,538,4053028,1709,2371.578700994734,0.0686514712912776,Low Stress,0,Low
andhra pradesh,539,3488809,1709,2041.4330017554123,0.0588184534388667,Low Stress,0,Low
andhra pradesh,540,3512576,1709,2055.33996489175,0.0592326566743094,Low Stress,0,Low
andhra pradesh,541,2797370,1709,1636.8461088355764,0.0467682884659517,Low Stress,0,Low
andhra pradesh,542,2703114,1709,1581.6933879461674,0.0451256267854751,Low Stress,0,Low
andhra pradesh,543,2344474,1709,1371.839672322996,0.0388753701961212,Low Stress,0,Low
andhra pradesh,544,4290589,1709,2510.5845523698067,0.0727916040305802,Low Stress,0,Low
andhra pradesh,545,5154296,1709,3015.971913399649,0.0878439974279175,Low Stress,0,Low
andhra pradesh,546,3936966,1709,2303.666471620831,0.066628782019937,Low Stress,0,Low
andhra pradesh,547,4517398,1709,2643.2990052662376,0.0767443545513664,Low Stress,0,Low
andhra pradesh,548,4887813,1709,2860.0427150380337,0.0831998218571479,Low Stress,0,Low
andhra pradesh,549,3397448,1709,1987.974253949678,0.0572262448389895,Low Stress,0,Low
andhra pradesh,550,2963557,1709,1734.0883557636043,0.0496645392796226,Low Stress,0,Low
andhra pradesh,551,2882469,1709,1686.6407255705092,0.0482513650483112,Low Stress,0,Low
andhra pradesh,552,4053463,1709,2371.8332358104158,0.0686590523241137,Low Stress,0,Low
andhra pradesh,553,4081148,1709,2388.0327677004097,0.0691415371380672,Low Stress,0,Low
andhra pradesh,554,4174064,1709,2442.4014043300176,0.070760845751876,Low Stress,0,Low
karnataka,0,61095297,2350,25997.998723404256,0.7723377843469681,Low Stress,0,Low
karnataka,555,4779661,2350,2033.8982978723404,0.0585940407690497,Low Stress,0,Low
karnataka,556,1889752,2350,804.1497872340426,0.0219673662827753,Low Stress,0,Low
karnataka,557,2177331,2350,926.523829787234,0.0256121393265245,Low Stress,0,Low
karnataka,558,1703300,2350,724.8085106382979,0.0196042757109563,Low Stress,0,Low
karnataka,559,1928812,2350,820.7710638297872,0.0224624122878342,Low Stress,0,Low
karnataka,560,1389920,2350,591.4553191489362,0.0156325010805065,Low Stress,0,Low
karnataka,561,1064570,2350,453.0085106382979,0.011509018803345,Low Stress,0,Low
karnataka,562,1847023,2350,785.9672340425532,0.0214258194125714,Low Stress,0,Low
karnataka,563,1437169,2350,611.5612765957446,0.0162313343803792,Low Stress,0,Low
karnataka,564,1597668,2350,679.8587234042553,0.0182654969191902,Low Stress,0,Low
karnataka,565,2452595,2350,1043.6574468085107,0.0291008321974038,Low Stress,0,Low
karnataka,566,1659456,2350,706.1514893617021,0.0190485973431682,Low Stress,0,Low
karnataka,567,1945497,2350,827.8710638297872,0.0226738777920434,Low Stress,0,Low
karnataka,568,1752753,2350,745.8523404255319,0.0202310424822871,Low Stress,0,Low
karnataka,569,1177361,2350,501.0046808510638,0.0129385306813942,Low Stress,0,Low
karnataka,570,1137961,2350,484.2387234042553,0.0124391755201213,Low Stress,0,Low
karnataka,571,2678980,2350,1139.9914893617022,0.0319700331665607,Low Stress,0,Low
karnataka,572,9621551,2350,4094.277021276596,0.119960100713618,Low Stress,0,Low
karnataka,573,1805769,2350,768.412340425532,0.0209029666759431,Low Stress,0,Low
karnataka,574,1776421,2350,755.923829787234,0.0205310104507391,Low Stress,0,Low
karnataka,575,2089649,2350,889.2123404255319,0.0245008586348815,Low Stress,0,Low
karnataka,576,554519,2350,235.9655319148936,0.0050446381088668,Low Stress,0,Low
karnataka,577,3001127,2350,1277.0753191489362,0.0360529206573882,Low Stress,0,Low
karnataka,578,1020791,2350,434.3791489361702,0.0109541642448331,Low Stress,0,Low
karnataka,579,2566326,2350,1092.0536170212763,0.030542257624986,Low Stress,0,Low
karnataka,580,1174271,2350,499.68978723404257,0.012899368055802,Low Stress,0,Low
karnataka,581,1536401,2350,653.7876595744681,0.0174889996434107,Low Stress,0,Low
karnataka,582,1255104,2350,534.0868085106383,0.0139238445977101,Low Stress,0,Low
karnataka,583,990923,2350,421.6693617021277,0.0105756175454194,Low Stress,0,Low
karnataka,584,1082636,2350,460.69617021276594,0.0117379870861764,Low Stress,0,Low
goa,0,1458545,21,69454.52380952382,2.06664144470088,Low Stress,0,Low
goa,585,818008,21,38952.76190476191,1.158180816467476,Low Stress,0,Low
goa,586,640537,21,30501.761904761905,0.9064772987109524,Low Stress,0,Low
lakshadweep,0,64473,4,16118.25,0.4780805948745536,Low Stress,0,Low
lakshadweep,587,64473,4,16118.25,0.4780805948745536,Low Stress,0,Low
kerala,0,33406061,820,40739.0987804878,1.2113848485960297,Low Stress,0,Low
kerala,588,1307375,820,1594.3597560975609,0.0455028802964093,Low Stress,0,Low
kerala,589,2523003,820,3076.832926829268,0.0896566741732094,Low Stress,0,Low
kerala,590,817420,820,996.8536585365854,0.0277068340726405,Low Stress,0,Low
kerala,591,3086293,820,3763.771951219512,0.1101163794061119,Low Stress,0,Low
kerala,592,4112920,820,5015.756097560976,0.1474053172607498,Low Stress,0,Low
kerala,593,2809934,820,3426.7487804878047,0.1000785238104867,Low Stress,0,Low
kerala,594,3121200,820,3806.3414634146334,0.1113842643864327,Low Stress,0,Low
kerala,595,3282388,820,4002.9121951219513,0.1172389022587207,Low Stress,0,Low
kerala,596,1108974,820,1352.4073170731708,0.0382965993790965,Low Stress,0,Low
kerala,597,1974551,820,2407.989024390244,0.0697359117694816,Low Stress,0,Low
kerala,598,2127789,820,2594.8646341463414,0.075301791352786,Low Stress,0,Low
kerala,599,1197412,820,1460.2585365853658,0.0415088264937043,Low Stress,0,Low
kerala,600,2635375,820,3213.871951219512,0.093738227185746,Low Stress,0,Low
kerala,601,3301427,820,4026.130487804878,0.1179304329585897,Low Stress,0,Low
tamil nadu,0,72147030,1229,58703.84865744508,1.746444692359634,Low Stress,0,Low
tamil nadu,602,3728104,1229,3033.445077298617,0.0883644159369349,Low Stress,0,Low
tamil nadu,603,4646732,1229,3780.904800650936,0.1106266620319647,Low Stress,0,Low
tamil nadu,604,3998252,1229,3253.2563059397885,0.0949112458377001,Low Stress,0,Low
tamil nadu,605,3936331,1229,3202.873067534581,0.0934106378217782,Low Stress,0,Low
tamil nadu,606,2464875,1229,2005.5939788445887,0.0577510285022188,Low Stress,0,Low
tamil nadu,607,3458873,1229,2814.379983726607,0.0818398088289315,Low Stress,0,Low
tamil nadu,608,3482056,1229,2833.2432872253867,0.082401631080399,Low Stress,0,Low
tamil nadu,609,1726601,1229,1404.8828315703825,0.039859523482165,Low Stress,0,Low
tamil nadu,610,2251744,1229,1832.1757526444264,0.0525859619328569,Low Stress,0,Low
tamil nadu,611,735394,1229,598.3677786818552,0.0158383809031056,Low Stress,0,Low
tamil nadu,612,2159775,1229,1757.3433685923517,0.0503571636476819,Low Stress,0,Low
tamil nadu,613,1064493,1229,866.1456468673719,0.0238138431442176,Low Stress,0,Low
tamil nadu,614,2722290,1229,2215.044751830757,0.0639892838989105,Low Stress,0,Low
tamil nadu,615,565223,1229,459.9048006509357,0.0117144170349922,Low Stress,0,Low
tamil nadu,616,754894,1229,614.2343368592351,0.0163109484700131,Low Stress,0,Low
tamil nadu,617,2605914,1229,2120.353132628153,0.0611690006596067,Low Stress,0,Low
tamil nadu,618,1616450,1229,1315.2563059397885,0.0371900983507586,Low Stress,0,Low
tamil nadu,619,1264277,1229,1028.7038242473557,0.028655455389707,Low Stress,0,Low
tamil nadu,620,2405890,1229,1957.59967453214,0.0563215721979092,Low Stress,0,Low
tamil nadu,621,1618345,1229,1316.7982099267697,0.0372360222245683,Low Stress,0,Low
tamil nadu,622,1339101,1229,1089.585842148088,0.0304687577295165,Low Stress,0,Low
tamil nadu,623,3038252,1229,2472.13344182262,0.0716463810053321,Low Stress,0,Low
tamil nadu,624,1245899,1229,1013.7502034174124,0.0282100786335723,Low Stress,0,Low
tamil nadu,625,1942288,1229,1580.380797396257,0.0450865327541431,Low Stress,0,Low
tamil nadu,626,1353445,1229,1101.2571196094386,0.0308163735848868,Low Stress,0,Low
tamil nadu,627,1750176,1229,1424.0650935720098,0.0404308455534391,Low Stress,0,Low
tamil nadu,628,3077233,1229,2503.851098454028,0.0725910556886972,Low Stress,0,Low
tamil nadu,629,1870374,1229,1521.86655817738,0.0433437520358567,Low Stress,0,Low
tamil nadu,630,1506843,1229,1226.0724165988609,0.0345338566427572,Low Stress,0,Low
tamil nadu,631,1879809,1229,1529.5435313262817,0.0435724020355373,Low Stress,0,Low
tamil nadu,632,3458045,1229,2813.706265256306,0.0818197428830136,Low Stress,0,Low
tamil nadu,633,2479052,1229,2017.1293734743692,0.0580945972404777,Low Stress,0,Low
puducherry,0,1247953,24,51998.04166666666,1.5467197830027275,Low Stress,0,Low
puducherry,634,55626,24,2317.75,0.0670482440522954,Low Stress,0,Low
puducherry,635,950289,24,39595.375,1.1773203238190126,Low Stress,0,Low
puducherry,636,41816,24,1742.3333333333333,0.0499101066513093,Low Stress,0,Low
puducherry,637,200222,24,8342.583333333334,0.2464911199127571,Low Stress,0,Low
andaman and nicobar islands,0,380581,22,17299.136363636364,0.5132519653393486,Low Stress,0,Low
andaman and nicobar islands,638,36842,22,1674.6363636363635,0.0478938286470277,Low Stress,0,Low
andaman and nicobar islands,639,105597,22,4799.863636363636,0.1409752034351097,Low Stress,0,Low
andaman and nicobar islands,640,238142,22,10824.636363636364,0.3204162742123089,Low Stress,0,Low
