state,district,population,phcs,population_per_phc,stress_score,stress_category
jammu and kashmir,0,12541302,637,19688.072213500785,0.5844037292851,Low Stress
jammu and kashmir,1,870354,637,1366.3328100470958,0.03871135450488415,Low Stress
jammu and kashmir,2,753745,637,1183.2731554160125,0.03325912884757284,Low Stress
jammu and kashmir,3,133487,637,209.55572998430142,0.004258051900230847,Low Stress
jammu and kashmir,4,140802,637,221.0392464678179,0.004600075506326708,Low Stress
jammu and kashmir,5,476835,637,748.563579277865,0.020311793678194173,Low Stress
jammu and kashmir,6,642415,637,1008.5007849293563,0.028053730615631312,Low Stress
jammu and kashmir,7,616435,637,967.7158555729984,0.026838997425423457,Low Stress
jammu and kashmir,8,1008039,637,1582.4788069073784,0.04514901960472129,Low Stress
jammu and kashmir,9,392232,637,615.7488226059654,0.016356055722414522,Low Stress
jammu and kashmir,10,1236829,637,1941.646781789639,0.05584643325320687,Low Stress
jammu and kashmir,11,297446,637,466.9481946624804,0.011924196593583042,Low Stress
jammu and kashmir,12,560440,637,879.8116169544741,0.024220868673087467,Low Stress
jammu and kashmir,13,266215,637,417.9199372056515,0.010463945159272741,Low Stress
jammu and kashmir,14,1078692,637,1693.3940345368917,0.04845250475051635,Low Stress
jammu and kashmir,15,424483,637,666.3783359497645,0.017863998760035523,Low Stress
jammu and kashmir,16,409936,637,643.5416012558869,0.01718383233517202,Low Stress
jammu and kashmir,17,283713,637,445.3893249607535,0.011282089938420435,Low Stress
jammu and kashmir,18,230696,637,362.16012558869704,0.008803201965162162,Low Stress
jammu and kashmir,19,554985,637,871.2480376766091,0.02396581210832289,Low Stress
jammu and kashmir,20,314667,637,493.9827315541601,0.01272938982947871,Low Stress
jammu and kashmir,21,1529958,637,2401.817896389325,0.06955211167169952,Low Stress
jammu and kashmir,22,318898,637,500.6248037676609,0.012927216470270453,Low Stress
himachal pradesh,0,6864602,474,14482.282700421942,0.42935515123019935,Low Stress
himachal pradesh,23,519080,474,1095.1054852320676,0.03063315408272892,Low Stress
himachal pradesh,24,1510075,474,3185.81223628692,0.0929025001764242,Low Stress
himachal pradesh,25,31564,474,66.59071729957806,0.0,Low Stress
himachal pradesh,26,437903,474,923.8459915611814,0.025532382930656607,Low Stress
himachal pradesh,27,999777,474,2109.23417721519,0.06083783509444043,Low Stress
himachal pradesh,28,454768,474,959.4261603375527,0.026592098188422963,Low Stress
himachal pradesh,29,521173,474,1099.5210970464136,0.030764668107899688,Low Stress
himachal pradesh,30,381956,474,805.8143459915611,0.022016943290795687,Low Stress
himachal pradesh,31,580320,474,1224.3037974683543,0.034481180313716865,Low Stress
himachal pradesh,32,529855,474,1117.837552742616,0.03131020311340977,Low Stress
himachal pradesh,33,814010,474,1717.3206751054852,0.049165132794441437,Low Stress
himachal pradesh,34,84121,474,177.4704641350211,0.0033024283903010034,Low Stress
punjab,0,27743338,436,63631.50917431193,1.8932095114822602,Low Stress
punjab,35,2298323,436,5271.383027522936,0.15501887749086765,Low Stress
punjab,36,815168,436,1869.651376146789,0.053702131175037054,Low Stress
punjab,37,2193590,436,5031.1697247706425,0.14786439478886018,Low Stress
punjab,38,1586625,436,3639.048165137615,0.10640162189756552,Low Stress
punjab,39,612310,436,1404.380733944954,0.03984456906983782,Low Stress
punjab,40,600163,436,1376.5206422018348,0.039014787612405254,Low Stress
punjab,41,3498739,436,8024.630733944954,0.23702125980793098,Low Stress
punjab,42,995746,436,2283.821100917431,0.06603771000275233,Low Stress
punjab,43,2029074,436,4653.839449541284,0.13662603747833282,Low Stress
punjab,44,901896,436,2068.5688073394494,0.05962666284871873,Low Stress
punjab,45,617508,436,1416.302752293578,0.04019965296015925,Low Stress
punjab,46,1388525,436,3184.690366972477,0.09286908656230652,Low Stress
punjab,47,769751,436,1765.4839449541284,0.05059962154696306,Low Stress
punjab,48,1895686,436,4347.90366972477,0.12751408481150028,Low Stress
punjab,49,2490656,436,5712.51376146789,0.16815745961422132,Low Stress
punjab,50,1119627,436,2567.951834862385,0.07450022393443943,Low Stress
punjab,51,684627,436,1570.2454128440368,0.04478466173939827,Low Stress
punjab,52,994628,436,2281.256880733945,0.06596133759232921,Low Stress
punjab,53,1655169,436,3796.2591743119265,0.11108397475985725,Low Stress
punjab,54,595527,436,1365.8876146788991,0.03869809486220707,Low Stress
uttarakhand,0,10086292,257,39246.27237354086,1.1669226952380392,Low Stress
uttarakhand,56,330086,257,1284.3813229571983,0.03627052175303165,Low Stress
uttarakhand,57,391605,257,1523.7548638132296,0.04339999309267169,Low Stress
uttarakhand,58,242285,257,942.7431906614786,0.026095214724443164,Low Stress
uttarakhand,59,618931,257,2408.291828793774,0.06974493045763228,Low Stress
uttarakhand,60,1696694,257,6601.922178988327,0.19464748770701,Low Stress
uttarakhand,61,687271,257,2674.206225680934,0.07766489130470393,Low Stress
uttarakhand,62,483439,257,1881.0856031128405,0.05404268674836348,Low Stress
uttarakhand,63,259898,257,1011.2762645914397,0.02813639515171084,Low Stress
uttarakhand,64,622506,257,2422.2023346303504,0.07015923920841194,Low Stress
uttarakhand,65,259648,257,1010.3035019455253,0.02810742251179618,Low Stress
uttarakhand,66,954605,257,3714.4163424124513,0.1086463781804875,Low Stress
uttarakhand,67,1648902,257,6415.961089494163,0.18910884607980413,Low Stress
uttarakhand,68,1890422,257,7355.727626459144,0.2170987340485595,Low Stress
haryana,0,25351462,452,56087.30530973451,1.668513895414754,Low Stress
haryana,69,561293,452,1241.7986725663716,0.03500224546634755,Low Stress
haryana,70,1128350,452,2496.349557522124,0.07236763074003381,Low Stress
haryana,71,1214205,452,2686.2942477876104,0.07802491943001089,Low Stress
haryana,72,964655,452,2134.1924778761063,0.06158118997239304,Low Stress
haryana,73,1074304,452,2376.778761061947,0.06880634922423973,Low Stress
haryana,74,1505324,452,3330.362831858407,0.09720777687730502,Low Stress
haryana,75,1205437,452,2666.896017699115,0.07744716499248577,Low Stress
haryana,76,1450001,452,3207.966814159292,0.09356234932858215,Low Stress
haryana,77,1334152,452,2951.663716814159,0.0859286502144344,Low Stress
haryana,78,942011,452,2084.0951327433627,0.06008909696562767,Low Stress
haryana,79,1295189,452,2865.462389380531,0.08336124075397693,Low Stress
haryana,80,1743931,452,3858.254424778761,0.11293043347796149,Low Stress
haryana,81,1634445,452,3616.028761061947,0.10571601487088177,Low Stress
haryana,82,1061204,452,2347.7964601769913,0.06794314403131328,Low Stress
haryana,83,958405,452,2120.3650442477874,0.061169355433783094,Low Stress
haryana,84,922088,452,2040.0176991150443,0.058776300243591525,Low Stress
haryana,85,900332,452,1991.8849557522124,0.057342720688071856,Low Stress
haryana,86,1514432,452,3350.5132743362833,0.09780793511373052,Low Stress
haryana,87,1089263,452,2409.8738938053098,0.06979205048233031,Low Stress
haryana,88,1809733,452,4003.8340707964603,0.11726635928749934,Low Stress
haryana,89,1042708,452,2306.8761061946902,0.06672437737113256,Low Stress
delhi,0,16787941,5,3357588.2,100.0,High Stress
delhi,90,3656539,5,731307.8,21.779195918233345,Low Stress
delhi,91,887978,5,177595.6,5.287501614044046,Low Stress
delhi,92,2241624,5,448324.8,13.35086594955575,Low Stress
delhi,93,1709346,5,341869.2,10.180205790417025,Low Stress
delhi,94,142004,5,28400.8,0.8439025144131157,Low Stress
delhi,95,582320,5,116464.0,3.4667657524791777,Low Stress
delhi,96,2543243,5,508648.6,15.14754239783891,Low Stress
delhi,97,2292958,5,458591.6,13.656651025416913,Low Stress
delhi,98,2731929,5,546385.8,16.271502401422097,Low Stress
rajasthan,0,68548437,1610,42576.66894409938,1.2661148065069827,Low Stress
rajasthan,99,1969168,1610,1223.0857142857142,0.0344449010778879,Low Stress
rajasthan,100,1774692,1610,1102.2931677018635,0.03084723111055575,Low Stress
rajasthan,101,2363937,1610,1468.283850931677,0.041747851443659244,Low Stress
rajasthan,102,2039547,1610,1266.7993788819876,0.035746863348969524,Low Stress
rajasthan,103,2137045,1610,1327.357142857143,0.037550508150770004,Low Stress
rajasthan,104,3674179,1610,2282.0987577639753,0.06598641195157391,Low Stress
rajasthan,105,2548462,1610,1582.895652173913,0.045161434871547335,Low Stress
rajasthan,106,1206516,1610,749.3888198757764,0.020336372540043637,Low Stress
rajasthan,107,1458248,1610,905.744099378882,0.024993238457773622,Low Stress
rajasthan,108,1335551,1610,829.5347826086957,0.022723429782246805,Low Stress
rajasthan,109,1634409,1610,1015.1608695652174,0.028252093736138045,Low Stress
rajasthan,110,6626178,1610,4115.63850931677,0.12059632857827617,Low Stress
rajasthan,111,2677333,1610,1662.939751552795,0.04754545822846574,Low Stress
rajasthan,112,3307743,1610,2054.498757763975,0.059207602267348995,Low Stress
rajasthan,113,3687165,1610,2290.164596273292,0.06622664386808688,Low Stress
rajasthan,114,669919,1610,416.09875776397513,0.010409703380555926,Low Stress
rajasthan,115,2603751,1610,1617.2366459627328,0.04618424269782835,Low Stress
rajasthan,116,1828730,1610,1135.857142857143,0.031846896311890076,Low Stress
rajasthan,117,1036346,1610,643.6931677018633,0.01718834657107619,Low Stress
rajasthan,118,2037573,1610,1265.5732919254658,0.035710345729749085,Low Stress
rajasthan,119,2583052,1610,1604.3801242236025,0.045801325676428244,Low Stress
rajasthan,120,1421326,1610,882.8111801242236,0.024310207284087216,Low Stress
rajasthan,121,1110906,1610,690.0037267080745,0.018567654417619133,Low Stress
rajasthan,122,2408523,1610,1495.9770186335404,0.042572661256507466,Low Stress
rajasthan,123,1156597,1610,718.3832298136646,0.019412905957538574,Low Stress
rajasthan,124,1388552,1610,862.4546583850931,0.02370391120894507,Low Stress
rajasthan,125,1797485,1610,1116.4503105590063,0.03126888566723833,Low Stress
rajasthan,126,1544338,1610,959.216149068323,0.02658584323927687,Low Stress
rajasthan,127,1951014,1610,1211.8099378881986,0.0341090647763034,Low Stress
rajasthan,128,1222755,1610,759.4751552795032,0.0206367826811382,Low Stress
rajasthan,129,1411129,1610,876.4776397515528,0.024121569916715994,Low Stress
rajasthan,130,3068420,1610,1905.8509316770187,0.054780294169733706,Low Stress
rajasthan,131,867848,1610,539.0360248447205,0.01407125143257307,Low Stress
uttar pradesh,0,199812341,3496,57154.559782608696,1.7003008679817657,Low Stress
uttar pradesh,132,3466382,3496,991.5280320366132,0.027548216284887538,Low Stress
uttar pradesh,133,4143512,3496,1185.2151029748284,0.033316967568653495,Low Stress
uttar pradesh,134,3682713,3496,1053.4076086956522,0.029391229788894708,Low Stress
uttar pradesh,135,4772006,3496,1364.9902745995423,0.03867136859849887,Low Stress
uttar pradesh,136,2335819,3496,668.1404462242563,0.017916481230129535,Low Stress
uttar pradesh,137,1840221,3496,526.379004576659,0.013694276337816625,Low Stress
uttar pradesh,138,3443689,3496,985.0368993135012,0.02735488520683384,Low Stress
uttar pradesh,139,1303048,3496,372.7254004576659,0.009117876778862796,Low Stress
uttar pradesh,140,4681645,3496,1339.1433066361556,0.037901545765730606,Low Stress
uttar pradesh,141,1648115,3496,471.4287757437071,0.012057645655201558,Low Stress
uttar pradesh,142,3499171,3496,1000.9070366132723,0.027827559373871047,Low Stress
uttar pradesh,143,3673889,3496,1050.8835812356979,0.02931605447347824,Low Stress
uttar pradesh,144,1564708,3496,447.57093821510296,0.01134706683233879,Low Stress
uttar pradesh,145,2547184,3496,728.5995423340961,0.019717187320678158,Low Stress
uttar pradesh,146,4418797,3496,1263.9579519450801,0.035662234647577055,Low Stress
uttar pradesh,147,2498156,3496,714.5755148741418,0.019299497456190574,Low Stress
uttar pradesh,148,1868529,3496,534.4762585812357,0.013935443929476791,Low Stress
uttar pradesh,149,3681896,3496,1053.1739130434783,0.029384269427075203,Low Stress
uttar pradesh,150,4448359,3496,1272.4139016018307,0.035914085585285756,Low Stress
uttar pradesh,151,2031007,3496,580.9516590389017,0.015319661393012192,Low Stress
uttar pradesh,152,3006538,3496,859.9937070938215,0.02363061454617847,Low Stress
uttar pradesh,153,4021243,3496,1150.241132723112,0.03227530725126277,Low Stress
uttar pradesh,154,4483992,3496,1282.6064073226544,0.036217657889709466,Low Stress
uttar pradesh,155,4092845,3496,1170.7222540045766,0.03288531438345336,Low Stress
uttar pradesh,156,3108367,3496,889.120995423341,0.024498138026861065,Low Stress
uttar pradesh,157,4589838,3496,1312.8827231121281,0.03711940385928915,Low Stress
uttar pradesh,158,3405559,3496,974.1301487414188,0.02703003992387489,Low Stress
uttar pradesh,159,1885204,3496,539.245995423341,0.014077505169795194,Low Stress
uttar pradesh,160,1656616,3496,473.8604118993135,0.012130069199666128,Low Stress
uttar pradesh,161,1581810,3496,452.4628146453089,0.011492765862739104,Low Stress
uttar pradesh,162,1379545,3496,394.6066933638444,0.009769586446067386,Low Stress
uttar pradesh,163,1796184,3496,513.7826086956521,0.013319106872155378,Low Stress
uttar pradesh,164,4581268,3496,1310.4313501144165,0.03704639247520947,Low Stress
uttar pradesh,165,1689974,3496,483.4021739130435,0.01241425983562062,Low Stress
uttar pradesh,166,1998603,3496,571.6827803203661,0.015043598278692704,Low Stress
uttar pradesh,167,1221592,3496,349.42562929061785,0.008423919334102649,Low Stress
uttar pradesh,168,1104285,3496,315.87099542334096,0.00742453235251162,Low Stress
uttar pradesh,169,875958,3496,250.56006864988558,0.005479319949622323,Low Stress
uttar pradesh,170,1799410,3496,514.7053775743707,0.013346590504015479,Low Stress
uttar pradesh,171,991730,3496,283.67562929061785,0.0064656296296308185,Low Stress
uttar pradesh,172,2632733,3496,753.0700800915332,0.020446014729853496,Low Stress
uttar pradesh,173,3209141,3496,917.9465102974829,0.02535667352502276,Low Stress
uttar pradesh,174,1599596,3496,457.5503432494279,0.011644292172802254,Low Stress
uttar pradesh,175,5954391,3496,1703.2010869565217,0.048744596762449084,Low Stress
uttar pradesh,176,3260699,3496,932.6942219679634,0.025795917508731066,Low Stress
uttar pradesh,177,2470996,3496,706.8066361556064,0.0190681101526195,Low Stress
uttar pradesh,178,2397888,3496,685.8947368421053,0.018445272781873023,Low Stress
uttar pradesh,179,3797117,3496,1086.1318649885584,0.03036588490957753,Low Stress
uttar pradesh,180,3487731,3496,997.6347254004577,0.027730097269568647,Low Stress
uttar pradesh,181,1117361,3496,319.6112700228833,0.007535932219282436,Low Stress
uttar pradesh,182,2148665,3496,614.6066933638444,0.016322038689167043,Low Stress
uttar pradesh,183,3433919,3496,982.2422768878719,0.027271650525100062,Low Stress
uttar pradesh,184,2559297,3496,732.0643592677345,0.01982038299108156,Low Stress
uttar pradesh,185,2464464,3496,704.9382151029748,0.01901246133572236,Low Stress
uttar pradesh,186,1715183,3496,490.6129862700229,0.012629025761089076,Low Stress
uttar pradesh,187,2684703,3496,767.9356407322655,0.02088876871242304,Low Stress
uttar pradesh,188,4440895,3496,1270.278890160183,0.03585049667387726,Low Stress
uttar pradesh,189,3564544,3496,1019.6064073226545,0.02838449907182215,Low Stress
uttar pradesh,190,3100946,3496,886.9982837528604,0.02443491545028518,Low Stress
uttar pradesh,191,4613913,3496,1319.7691647597253,0.037324508768474485,Low Stress
uttar pradesh,192,2205968,3496,630.9977116704805,0.016810226710394338,Low Stress
uttar pradesh,193,3239774,3496,926.7088100686499,0.025617648755887738,Low Stress
uttar pradesh,194,4494204,3496,1285.5274599542333,0.03630465815274584,Low Stress
uttar pradesh,195,3620268,3496,1035.5457665903891,0.0288592349372196,Low Stress
uttar pradesh,196,1952756,3496,558.5686498855836,0.014653008672403196,Low Stress
uttar pradesh,197,3676841,3496,1051.7279748283752,0.02934120378570732,Low Stress
uttar pradesh,198,1578213,3496,451.4339244851259,0.011462121528020949,Low Stress
uttar pradesh,199,2496970,3496,714.2362700228833,0.019289393430342444,Low Stress
uttar pradesh,200,1862559,3496,532.7685926773455,0.013884583023647654,Low Stress
uttar pradesh,201,1774480,3496,507.57437070938215,0.0131342014952516,Low Stress
uttar pradesh,202,1436719,3496,410.96081235697943,0.01025667546279687,Low Stress
bihar,0,104099452,1883,55283.83005841742,1.6445832899021735,Low Stress
bihar,203,3935042,1883,2089.772703133298,0.060258197005795336,Low Stress
bihar,204,5099371,1883,2708.1099309612323,0.07867467498521884,Low Stress
bihar,205,656246,1883,348.5108868826341,0.008396674761634233,Low Stress
bihar,206,3423574,1883,1818.1486988847585,0.052168181933440555,Low Stress
bihar,207,4487379,1883,2383.1009028146573,0.06899464709655218,Low Stress
bihar,208,2229076,1883,1183.789697291556,0.03327451346562311,Low Stress
bihar,209,2811569,1883,1493.1327668613915,0.04248794842057857,Low Stress
bihar,210,1690400,1883,897.7164099840679,0.02475414276967382,Low Stress
bihar,211,3264619,1883,1733.7328730748804,0.049653951628072165,Low Stress
bihar,212,3071029,1883,1630.9235262878385,0.046591891014588695,Low Stress
bihar,213,2001762,1883,1063.0706319702601,0.02967903205494393,Low Stress
bihar,214,1900661,1883,1009.3791821561339,0.02807989268780827,Low Stress
bihar,215,3937385,1883,2091.016994158258,0.060295256812693376,Low Stress
bihar,216,4801062,1883,2549.6877323420076,0.07395624820931285,Low Stress
bihar,217,2562012,1883,1360.6011683483803,0.038540644011677824,Low Stress
bihar,218,3330464,1883,1768.7010090281465,0.05069543817745394,Low Stress
bihar,219,3951862,1883,2098.705257567711,0.060524243080069796,Low Stress
bihar,220,3495021,1883,1856.091874668083,0.05329827669376677,Low Stress
bihar,221,4261566,1883,2263.1789697291556,0.06542290737181153,Low Stress
bihar,222,2970541,1883,1577.5576208178438,0.04500244761912547,Low Stress
bihar,223,1666886,1883,885.2288900690388,0.02438221605204662,Low Stress
bihar,224,3037766,1883,1613.2586298459905,0.04606576196770456,Low Stress
bihar,225,2034763,1883,1080.5963887413702,0.03020101698342974,Low Stress
bihar,226,1367765,1883,726.3754646840149,0.019650945672554966,Low Stress
bihar,227,1000912,1883,531.5517790759426,0.013848341600866081,Low Stress
bihar,228,636342,1883,337.9405204460966,0.008081848301327526,Low Stress
bihar,229,2877653,1883,1528.2278279341476,0.04353321529170539,Low Stress
bihar,230,5838465,1883,3100.618693574084,0.09036510644894089,Low Stress
bihar,231,2728407,1883,1448.968135953266,0.04117255462576214,Low Stress
bihar,232,1706352,1883,906.1879978757302,0.025006459474598085,Low Stress
bihar,233,1626384,1883,863.7195963887414,0.023741585962851374,Low Stress
bihar,234,2959918,1883,1571.9160913436006,0.04483442101704357,Low Stress
bihar,235,2540073,1883,1348.950079660117,0.03819362945617799,Low Stress
bihar,236,4391418,1883,2332.139139670738,0.0674768083728036,Low Stress
bihar,237,2219146,1883,1178.5161975570898,0.03311744821487725,Low Stress
bihar,238,1760405,1883,934.8937865108869,0.025861429061563437,Low Stress
bihar,239,1125313,1883,597.6171003717473,0.01581602279502878,Low Stress
bihar,240,700843,1883,372.1949017525226,0.009102076472360625,Low Stress
sikkim,0,610577,24,25440.708333333332,0.7557395176811584,Low Stress
sikkim,241,43709,24,1821.2083333333333,0.052259309699829774,Low Stress
sikkim,242,136435,24,5684.791666666667,0.16733178824029546,Low Stress
sikkim,243,146850,24,6118.75,0.1802567484887581,Low Stress
sikkim,244,283583,24,11815.958333333334,0.349941682684922,Low Stress
arunachal pradesh,0,1383727,97,14265.226804123711,0.4228903858003023,Low Stress
arunachal pradesh,245,49977,97,515.2268041237113,0.013362120606573836,Low Stress
arunachal pradesh,246,83947,97,865.4329896907217,0.023792617452782612,Low Stress
arunachal pradesh,247,78690,97,811.2371134020618,0.022178454311171793,Low Stress
arunachal pradesh,248,176573,97,1820.340206185567,0.05223345351039033,Low Stress
arunachal pradesh,249,83448,97,860.2886597938144,0.023639399380181548,Low Stress
arunachal pradesh,250,112274,97,1157.4639175257732,0.03249042976254288,Low Stress
arunachal pradesh,251,99214,97,1022.8247422680413,0.02848035355378554,Low Stress
arunachal pradesh,252,35320,97,364.12371134020617,0.008861685155443956,Low Stress
arunachal pradesh,253,148226,97,1528.1030927835052,0.043529500195716206,Low Stress
arunachal pradesh,254,111975,97,1154.381443298969,0.032398621739080515,Low Stress
arunachal pradesh,255,83030,97,855.979381443299,0.023511052377481658,Low Stress
arunachal pradesh,256,92076,97,949.2371134020618,0.026288628900025212,Low Stress
arunachal pradesh,257,8004,97,82.51546391752578,0.0004743006440798415,Low Stress
arunachal pradesh,258,54080,97,557.5257731958762,0.014621947764654338,Low Stress
arunachal pradesh,259,145726,97,1502.3298969072166,0.042761874581482416,Low Stress
arunachal pradesh,260,21167,97,218.2164948453608,0.004516003028143607,Low Stress
nagaland,0,1978502,126,15702.396825396825,0.4656948763894232,Low Stress
nagaland,261,250260,126,1986.1904761904761,0.05717311702726466,Low Stress
nagaland,262,194622,126,1544.6190476190477,0.044021409310757494,Low Stress
nagaland,263,140757,126,1117.1190476190477,0.03128880324746157,Low Stress
nagaland,264,166343,126,1320.1825396825398,0.03733682067502101,Low Stress
nagaland,265,378811,126,3006.436507936508,0.08755999611466378,Low Stress
nagaland,266,163418,126,1296.968253968254,0.036645409318200435,Low Stress
nagaland,267,196596,126,1560.2857142857142,0.04448802333412974,Low Stress
nagaland,268,50484,126,400.6666666666667,0.009950075926345578,Low Stress
nagaland,269,74004,126,587.3333333333334,0.015509732375036193,Low Stress
nagaland,270,267988,126,2126.8888888888887,0.061363660799474994,Low Stress
nagaland,271,95219,126,755.7063492063492,0.020524533036557085,Low Stress
manipur,0,2855794,85,33597.57647058823,0.9986826491476312,Low Stress
manipur,272,479148,85,5637.035294117647,0.1659094184656085,Low Stress
manipur,273,140651,85,1654.7176470588236,0.047300572105581536,Low Stress
manipur,274,274143,85,3225.211764705882,0.09407597075990555,Low Stress
manipur,275,237399,85,2792.929411764706,0.08120092769998824,Low Stress
manipur,276,422168,85,4966.682352941177,0.14594371104251663,Low Stress
manipur,277,517992,85,6094.023529411765,0.17952029840844075,Low Stress
manipur,278,456113,85,5366.035294117647,0.15783798865706303,Low Stress
manipur,279,183998,85,2164.6823529411763,0.062489296564492806,Low Stress
manipur,280,144182,85,1696.2588235294118,0.048537829264425646,Low Stress
mizoram,0,1097206,57,19249.22807017544,0.5713332506882667,Low Stress
mizoram,281,86364,57,1515.157894736842,0.04314394205036063,Low Stress
mizoram,282,83955,57,1472.8947368421052,0.04188518148787043,Low Stress
mizoram,283,400309,57,7022.964912280701,0.20718777135338468,Low Stress
mizoram,284,125745,57,2206.0526315789475,0.06372146372384607,Low Stress
mizoram,285,64937,57,1139.2456140350878,0.03194781810993828,Low Stress
mizoram,286,161428,57,2832.0701754385964,0.08236669126695013,Low Stress
mizoram,287,117894,57,2068.315789473684,0.059619126996527466,Low Stress
mizoram,288,56574,57,992.5263157894736,0.02757794904223154,Low Stress
tripura,0,3673917,83,44264.06024096385,1.3163718559984665,Low Stress
tripura,289,1725739,83,20792.036144578313,0.6172840517236912,Low Stress
tripura,290,876001,83,10554.22891566265,0.3123624928985534,Low Stress
tripura,291,378230,83,4556.987951807229,0.13374142468935524,Low Stress
tripura,292,693947,83,8360.807228915663,0.2470338981195137,Low Stress
meghalaya,0,2966889,108,27471.194444444445,0.8162152598326708,Low Stress
meghalaya,293,643291,108,5956.398148148148,0.17542128141676697,Low Stress
meghalaya,294,317917,108,2943.675925925926,0.0856907428584207,Low Stress
meghalaya,295,142334,108,1317.9074074074074,0.037269058422386744,Low Stress
meghalaya,296,383461,108,3550.564814814815,0.1037662449552946,Low Stress
meghalaya,297,258840,108,2396.6666666666665,0.06939868809555881,Low Stress
meghalaya,298,825922,108,7647.425925925926,0.2257866393969662,Low Stress
meghalaya,299,395124,108,3658.5555555555557,0.10698262755257032,Low Stress
assam,0,31205576,978,31907.541922290387,0.9483468733889487,Low Stress
assam,300,887142,978,907.0981595092024,0.025033567613856396,Low Stress
assam,301,1949258,978,1993.1063394683026,0.057379098226572674,Low Stress
assam,302,1008183,978,1030.861963190184,0.02871973312769273,Low Stress
assam,303,1693622,978,1731.719836400818,0.049593995597752155,Low Stress
assam,304,957423,978,978.9601226993865,0.02717389525885215,Low Stress
assam,305,2823768,978,2887.288343558282,0.08401130221947599,Low Stress
assam,306,1924110,978,1967.3926380368098,0.056613244587376405,Low Stress
assam,307,1042137,978,1065.579754601227,0.02975376344681434,Low Stress
assam,308,686133,978,701.5674846625767,0.018912067925562947,Low Stress
assam,309,1327929,978,1357.8006134969326,0.03845723263932195,Low Stress
assam,310,1326335,978,1356.1707566462167,0.03840868918851557,Low Stress
assam,311,1151050,978,1176.9427402862987,0.03307058456204354,Low Stress
assam,312,1092256,978,1116.8261758691206,0.0312800803922127,Low Stress
assam,313,1066888,978,1090.8875255623723,0.030507526904097106,Low Stress
assam,314,956313,978,977.8251533742331,0.027140091475668288,Low Stress
assam,315,214102,978,218.91820040899796,0.004536902538118379,Low Stress
assam,316,1736617,978,1775.6820040899795,0.05090335925359929,Low Stress
assam,317,1228686,978,1256.3251533742332,0.035434900337955814,Low Stress
assam,318,659296,978,674.1267893660531,0.018094777718981492,Low Stress
assam,319,738804,978,755.4233128834355,0.020516103118425475,Low Stress
assam,320,482162,978,493.00817995910023,0.012700363907728409,Low Stress
assam,321,1517542,978,1551.678936605317,0.044231680153594376,Low Stress
assam,322,1253938,978,1282.1451942740287,0.0362039211784594,Low Stress
assam,323,771639,978,788.9969325153374,0.021516055569634703,Low Stress
assam,324,950075,978,971.4468302658487,0.026950120304946704,Low Stress
assam,325,928500,978,949.3865030674847,0.026293078302972013,Low Stress
assam,326,831668,978,850.3762781186094,0.023344170254989926,Low Stress
west bengal,0,91276115,909,100413.76787678768,2.9887276639427562,Low Stress
west bengal,327,1846823,909,2031.7084708470848,0.05852881923721508,Low Stress
west bengal,328,3872846,909,4260.556655665567,0.12491255236513533,Low Stress
west bengal,329,2819086,909,3101.304730473047,0.09038553928538388,Low Stress
west bengal,330,3007134,909,3308.1782178217823,0.09654703313182056,Low Stress
west bengal,331,1676276,909,1844.08800880088,0.052940755067278494,Low Stress
west bengal,332,3988845,909,4388.168316831683,0.1287133219808335,Low Stress
west bengal,333,7103807,909,7814.969196919692,0.23077672704169053,Low Stress
west bengal,334,3502404,909,3853.029702970297,0.11277482102280949,Low Stress
west bengal,335,7717563,909,8490.168316831683,0.2508867724408098,Low Stress
west bengal,336,5167600,909,5684.928492849285,0.16733586345405552,Low Stress
west bengal,337,10009781,909,11011.860286028603,0.32599252789522226,Low Stress
west bengal,338,5519145,909,6071.666666666667,0.17885442442915536,Low Stress
west bengal,339,3596674,909,3956.7370737073707,0.11586362826831906,Low Stress
west bengal,340,2930115,909,3223.4488448844886,0.09402346417836875,Low Stress
west bengal,341,4850029,909,5335.565456545654,0.156930478859129,Low Stress
west bengal,342,4496694,909,4946.858085808581,0.14535326757142214,Low Stress
west bengal,343,8161961,909,8979.05500550055,0.26544771189440014,Low Stress
west bengal,344,5913457,909,6505.453245324533,0.1917742691580338,Low Stress
west bengal,345,5095875,909,5606.023102310231,0.1649857552575542,Low Stress
jharkhand,0,32988134,330,99964.04242424242,2.975333097804987,Low Stress
jharkhand,346,1322784,330,4008.4363636363637,0.11740343339678219,Low Stress
jharkhand,347,1042886,330,3160.2606060606063,0.09214147364555482,Low Stress
jharkhand,348,716259,330,2170.481818181818,0.06266202710551472,Low Stress
jharkhand,349,2445474,330,7410.527272727273,0.21873087979906256,Low Stress
jharkhand,350,1492073,330,4521.433333333333,0.13268247041857417,Low Stress
jharkhand,351,1313551,330,3980.457575757576,0.1165701167086205,Low Stress
jharkhand,352,1150567,330,3486.5666666666666,0.10186013218535116,Low Stress
jharkhand,353,900422,330,2728.551515151515,0.07928350454967396,Low Stress
jharkhand,354,2684487,330,8134.809090909091,0.24030279809079777,Low Stress
jharkhand,355,2062330,330,6249.484848484848,0.1841505387215119,Low Stress
jharkhand,356,461790,330,1399.3636363636363,0.039695140468471654,Low Stress
jharkhand,357,2293919,330,6951.269696969697,0.2050524101061842,Low Stress
jharkhand,358,1939869,330,5878.390909090909,0.17309792365068236,Low Stress
jharkhand,359,726978,330,2202.9636363636364,0.06362946148008476,Low Stress
jharkhand,360,1734495,330,5256.045454545455,0.1545620651524131,Low Stress
jharkhand,361,949443,330,2877.1,0.08370785388037628,Low Stress
jharkhand,362,1321442,330,4004.369696969697,0.11728231230986429,Low Stress
jharkhand,363,791042,330,2397.0969696969696,0.069411504186723,Low Stress
jharkhand,364,2914253,330,8831.069696969696,0.2610401361360875,Low Stress
jharkhand,365,531885,330,1611.7727272727273,0.046021506032935436,Low Stress
jharkhand,366,1025213,330,3106.7060606060604,0.09054641182059199,Low Stress
jharkhand,367,599578,330,1816.9030303030304,0.05213108109756554,Low Stress
jharkhand,368,1502338,330,4552.539393939394,0.13360892940308408,Low Stress
jharkhand,369,1065056,330,3227.4424242424243,0.09414240844210467,Low Stress
odisha,0,41974218,1305,32164.15172413793,0.9559897073513001,Low Stress
odisha,370,1481255,1305,1135.0613026819924,0.031823193108522746,Low Stress
odisha,371,579505,1305,444.06513409961684,0.011242650404882494,Low Stress
odisha,372,1041099,1305,797.7770114942529,0.021777560334180098,Low Stress
odisha,373,312520,1305,239.47892720306513,0.005149280630852673,Low Stress
odisha,374,2093437,1305,1604.1662835249042,0.045794956672038006,Low Stress
odisha,375,1801733,1305,1380.638314176245,0.03913742783497377,Low Stress
odisha,376,2519738,1305,1930.8337164750958,0.05552437828013842,Low Stress
odisha,377,2320529,1305,1778.1831417624521,0.05097785282247335,Low Stress
odisha,378,1506337,1305,1154.2812260536398,0.03239563688128981,Low Stress
odisha,379,1440361,1305,1103.7249042145593,0.03088987377021094,Low Stress
odisha,380,1136971,1305,871.2421455938697,0.023965636619273967,Low Stress
odisha,381,2624470,1305,2011.0881226053639,0.05791466538680617,Low Stress
odisha,382,1827192,1305,1400.1471264367817,0.03971847583795906,Low Stress
odisha,383,1192811,1305,914.031417624521,0.025240066898809616,Low Stress
odisha,384,1273821,1305,976.1080459770114,0.027088949365592977,Low Stress
odisha,385,962789,1305,737.7693486590039,0.019990299675325573,Low Stress
odisha,386,2251673,1305,1725.4199233716474,0.04940635978293706,Low Stress
odisha,387,1698730,1305,1301.7088122605364,0.0367866015082723,Low Stress
odisha,388,3529031,1305,2704.2383141762452,0.07855936323936788,Low Stress
odisha,389,577817,1305,442.77164750957854,0.011204125363481058,Low Stress
odisha,390,733110,1305,561.7701149425287,0.014748360703737676,Low Stress
odisha,391,441162,1305,338.0551724137931,0.00808526308106802,Low Stress
odisha,392,610183,1305,467.5731800766284,0.011942811080305035,Low Stress
odisha,393,1648997,1305,1263.599233716475,0.035651550629114945,Low Stress
odisha,394,610382,1305,467.7256704980843,0.011947352835778307,Low Stress
odisha,395,1576869,1305,1208.328735632184,0.034005381087525634,Low Stress
odisha,396,967911,1305,741.6942528735632,0.02010719852725576,Low Stress
odisha,397,1220946,1305,935.5908045977011,0.02588218896031992,Low Stress
odisha,398,1379647,1305,1057.200766283525,0.029504204715917828,Low Stress
odisha,399,613192,1305,469.87892720306513,0.01201148516180795,Low Stress
chhattisgarh,0,25545198,783,32624.773946360154,0.9697088215023071,Low Stress
chhattisgarh,400,658917,783,841.528735632184,0.02308065616584857,Low Stress
chhattisgarh,401,2359886,783,3013.9029374201787,0.08778237530838298,Low Stress
chhattisgarh,402,851669,783,1087.6998722860792,0.030412586241094972,Low Stress
chhattisgarh,403,1493984,783,1908.0255427841635,0.05484506251258316,Low Stress
chhattisgarh,404,1206640,783,1541.0472541507024,0.043915027464741366,Low Stress
chhattisgarh,405,1619707,783,2068.5913154533846,0.05962733322754438,Low Stress
chhattisgarh,406,2663629,783,3401.8250319284803,0.0993361980279686,Low Stress
chhattisgarh,407,822526,783,1050.4802043422733,0.029304040346977627,Low Stress
chhattisgarh,408,1537133,783,1963.13282247765,0.05648637077821364,Low Stress
chhattisgarh,409,3343872,783,4270.590038314176,0.12521138536805243,Low Stress
chhattisgarh,410,4063872,783,5190.130268199234,0.1525988555586466,Low Stress
chhattisgarh,411,1032754,783,1318.970625798212,0.03730072518479462,Low Stress
chhattisgarh,412,799781,783,1021.4316730523627,0.028438862556026148,Low Stress
chhattisgarh,413,748941,783,956.5019157088122,0.02650500285534586,Low Stress
chhattisgarh,414,1413199,783,1804.851851851852,0.05177215031904545,Low Stress
chhattisgarh,415,139820,783,178.56960408684546,0.003335165035950149,Low Stress
chhattisgarh,416,533638,783,681.5300127713921,0.018315274390838226,Low Stress
chhattisgarh,417,255230,783,325.9642401021711,0.0077251482785841395,Low Stress
madhya pradesh,0,72626809,1156,62825.959342560556,1.8692171169277703,Low Stress
madhya pradesh,418,687861,1156,595.0354671280277,0.01573913175621664,Low Stress
madhya pradesh,419,1965970,1156,1700.666089965398,0.048669094731900266,Low Stress
madhya pradesh,420,1703005,1156,1473.1877162629758,0.04189390754997709,Low Stress
madhya pradesh,421,2032036,1156,1757.8166089965398,0.050371258580172606,Low Stress
madhya pradesh,422,786754,1156,680.583044982699,0.018287070021696564,Low Stress
madhya pradesh,423,1726050,1156,1493.1228373702422,0.04248765268186696,Low Stress
madhya pradesh,424,1445166,1156,1250.143598615917,0.035250789690946846,Low Stress
madhya pradesh,425,1762375,1156,1524.545847750865,0.04342355165847358,Low Stress
madhya pradesh,426,1016520,1156,879.3425605536332,0.024206898356424606,Low Stress
madhya pradesh,427,2378458,1156,2057.489619377163,0.05929668171228597,Low Stress
madhya pradesh,428,1264219,1156,1093.6150519031141,0.030588763204503957,Low Stress
madhya pradesh,429,2228935,1156,1928.14446366782,0.05544428191382343,Low Stress
madhya pradesh,430,2365106,1156,2045.939446366782,0.05895267281660388,Low Stress
madhya pradesh,431,644758,1156,557.7491349480969,0.01462860034290143,Low Stress
madhya pradesh,432,826067,1156,714.590830449827,0.01929995361336445,Low Stress
madhya pradesh,433,1340411,1156,1159.5250865051903,0.032551819359372826,Low Stress
madhya pradesh,434,1455069,1156,1258.7102076124568,0.035505936492470185,Low Stress
madhya pradesh,435,1986864,1156,1718.7404844290656,0.049207420216200844,Low Stress
madhya pradesh,436,1512681,1156,1308.5475778546713,0.03699028643989649,Low Stress
madhya pradesh,437,1563715,1156,1352.6946366782006,0.03830515686996234,Low Stress
madhya pradesh,438,2185793,1156,1890.8243944636679,0.054332745681235334,Low Stress
madhya pradesh,439,3276697,1156,2834.5129757785467,0.08243944732407264,Low Stress
madhya pradesh,440,1873046,1156,1620.2820069204151,0.04627494534436569,Low Stress
madhya pradesh,441,1385881,1156,1198.8589965397923,0.033723335573173314,Low Stress
madhya pradesh,442,1545814,1156,1337.2093425605535,0.037843944823706725,Low Stress
madhya pradesh,443,1458875,1156,1262.0025951557093,0.03560399654766536,Low Stress
madhya pradesh,444,2371061,1156,2051.090830449827,0.059106100990194865,Low Stress
madhya pradesh,445,1311332,1156,1134.370242214533,0.03180261065074946,Low Stress
madhya pradesh,446,1331597,1156,1151.9005190311418,0.03232473020370013,Low Stress
madhya pradesh,447,1575362,1156,1362.7698961937717,0.0386052371282015,Low Stress
madhya pradesh,448,570465,1156,493.4818339100346,0.012714471157243194,Low Stress
madhya pradesh,449,1241350,1156,1073.8321799307957,0.02999955264164046,Low Stress
madhya pradesh,450,1292042,1156,1117.6833910034602,0.03130561157962099,Low Stress
madhya pradesh,451,2463289,1156,2130.872837370242,0.061482318218397884,Low Stress
madhya pradesh,452,1091854,1156,944.5103806228374,0.026147848487289932,Low Stress
madhya pradesh,453,704524,1156,609.4498269896194,0.016168447231707243,Low Stress
madhya pradesh,454,1054905,1156,912.5475778546713,0.025195872402317104,Low Stress
madhya pradesh,455,2090922,1156,1808.7560553633218,0.051888432623846584,Low Stress
madhya pradesh,456,1379131,1156,1193.0198961937717,0.03354942454517347,Low Stress
madhya pradesh,457,1701698,1156,1472.0570934256054,0.04186023322203697,Low Stress
madhya pradesh,458,1241519,1156,1073.9783737024222,0.03000390685848964,Low Stress
madhya pradesh,459,845071,1156,731.030276816609,0.019789584009825074,Low Stress
madhya pradesh,460,1066063,1156,922.1998269896194,0.025483353772750048,Low Stress
madhya pradesh,461,749237,1156,648.128892733564,0.01732045964577501,Low Stress
madhya pradesh,462,1127033,1156,974.9420415224913,0.027054221236031684,Low Stress
madhya pradesh,463,1178273,1156,1019.2673010380623,0.028374399173026126,Low Stress
madhya pradesh,464,1025048,1156,886.719723183391,0.024426618837429456,Low Stress
madhya pradesh,465,728999,1156,630.6219723183391,0.01679903573693634,Low Stress
madhya pradesh,466,1310061,1156,1133.2707612456747,0.03176986384829201,Low Stress
madhya pradesh,467,757847,1156,655.5769896193772,0.0175422928237126,Low Stress
gujarat,0,60439692,1158,52193.17098445596,1.552531489984741,Low Stress
gujarat,468,2092371,1158,1806.8834196891191,0.05183265827919232,Low Stress
gujarat,469,3120506,1158,2694.7374784110534,0.07827639154563627,Low Stress
gujarat,470,1343734,1158,1160.392055267703,0.03257764104761202,Low Stress
gujarat,471,2035064,1158,1757.3955094991366,0.050358716605871115,Low Stress
gujarat,472,2428589,1158,2097.227115716753,0.060480218289674655,Low Stress
gujarat,473,1391753,1158,1201.8592400690845,0.03381269444791585,Low Stress
gujarat,474,7214225,1158,6229.900690846287,0.1835672466412937,Low Stress
gujarat,475,1756268,1158,1516.6390328151986,0.04318805608001457,Low Stress
gujarat,476,3804558,1158,3285.455958549223,0.0958702762284625,Low Stress
gujarat,477,2160119,1158,1865.387737478411,0.053575143498871686,Low Stress
gujarat,478,585449,1158,505.5690846286701,0.013074476307626063,Low Stress
gujarat,479,2743082,1158,2368.810017271157,0.06856900916457313,Low Stress
gujarat,480,1514190,1158,1307.5906735751296,0.03696178612356506,Low Stress
gujarat,481,2880365,1158,2487.3618307426595,0.07209994141959532,Low Stress
gujarat,482,2092745,1158,1807.2063903281519,0.0518422775959568,Low Stress
gujarat,483,2299885,1158,1986.0837651122624,0.05716993875797463,Low Stress
gujarat,484,2390776,1158,2064.573402417962,0.05950766421262831,Low Stress
gujarat,485,2127086,1158,1836.8618307426598,0.05272553149170294,Low Stress
gujarat,486,4165626,1158,3597.259067357513,0.10515698068171851,Low Stress
gujarat,487,590297,1158,509.7556131260794,0.01319916734418811,Low Stress
gujarat,488,1551019,1158,1339.394645941278,0.03790903162388346,Low Stress
gujarat,489,228291,1158,197.1424870466321,0.003888337438725973,Low Stress
gujarat,490,1329672,1158,1148.2487046632125,0.032215965025306846,Low Stress
gujarat,491,1705678,1158,1472.951640759931,0.041886876306979515,Low Stress
gujarat,492,6081322,1158,5251.573402417962,0.1544288701160765,Low Stress
gujarat,493,807022,1158,696.9101899827289,0.01877335564841865,Low Stress
daman and diu,0,243247,3,81082.33333333333,2.4129626565037032,Low Stress
daman and diu,494,52074,3,17358.0,0.5150051524581117,Low Stress
daman and diu,495,191173,3,63724.333333333336,1.8959741745231407,Low Stress
dadra and nagar haveli,0,343709,6,57284.833333333336,1.7041809189802304,Low Stress
dadra and nagar haveli,496,343709,6,57284.833333333336,1.7041809189802304,Low Stress
maharashtra,0,112374333,1811,62050.984538928766,1.8461353651532117,Low Stress
maharashtra,497,1648295,1811,910.1573716178907,0.025124682801327725,Low Stress
maharashtra,498,2050862,1811,1132.4472667034788,0.03174533699074568,Low Stress
maharashtra,499,4229917,1811,2335.68028713418,0.06758227746207623,Low Stress
maharashtra,500,2586258,1811,1428.0828271673108,0.040550509223933225,Low Stress
maharashtra,501,1813906,1811,1001.6046383213694,0.027848336655130184,Low Stress
maharashtra,502,1197160,1811,661.0491441192711,0.017705274782928136,Low Stress
maharashtra,503,2888445,1811,1594.9447818884594,0.04552030463075406,Low Stress
maharashtra,504,1300774,1811,718.2628382109332,0.019409320229232356,Low Stress
maharashtra,505,4653570,1811,2569.613473219216,0.07454971396161414,Low Stress
maharashtra,506,1200334,1811,662.8017669795693,0.01775747468107481,Low Stress
maharashtra,507,1322507,1811,730.2633903920486,0.019766743161312286,Low Stress
maharashtra,508,1072942,1811,592.4583103257869,0.015662374043172722,Low Stress
maharashtra,509,2204307,1811,1217.17669795693,0.03426890768107856,Low Stress
maharashtra,510,2772348,1811,1530.838210933186,0.043610962609602656,Low Stress
maharashtra,511,3361292,1811,1856.0419657647708,0.05329679021328742,Low Stress
maharashtra,512,1177345,1811,650.1076753175041,0.01737939545659658,Low Stress
maharashtra,513,1836086,1811,1013.8520154610712,0.028213110990635306,Low Stress
maharashtra,514,1959046,1811,1081.748205411375,0.03023532254580707,Low Stress
maharashtra,515,3701282,1811,2043.7780231916067,0.058888297261456314,Low Stress
maharashtra,516,6107187,1811,3372.273329652126,0.09845603385584083,Low Stress
maharashtra,517,11060148,1811,6107.2048591938155,0.1799128894716109,Low Stress
maharashtra,518,9356962,1811,5166.737713970182,0.15190213467487398,Low Stress
maharashtra,519,3085411,1811,1703.7056874654886,0.04875962572034385,Low Stress
maharashtra,520,2634200,1811,1454.5554942020983,0.04133896779890106,Low Stress
maharashtra,521,9429408,1811,5206.741027056874,0.15309358830472086,Low Stress
maharashtra,522,4543159,1811,2508.64660408614,0.07273388442340603,Low Stress
maharashtra,523,2585049,1811,1427.415240198785,0.04053062589789058,Low Stress
maharashtra,524,2454196,1811,1355.160684704583,0.038378605333244435,Low Stress
maharashtra,525,1657576,1811,915.2821645499724,0.02527731898743336,Low Stress
maharashtra,526,4317756,1811,2384.1833241303148,0.06902688579645108,Low Stress
maharashtra,527,3003741,1811,1658.6090557702926,0.04741647333167373,Low Stress
maharashtra,528,1615069,1811,891.8106018774158,0.02457824492614769,Low Stress
maharashtra,529,849651,1811,469.1612368856985,0.011990109563944858,Low Stress
maharashtra,530,3876001,1811,2140.254555494202,0.061761742127331855,Low Stress
maharashtra,531,2822143,1811,1558.3340695748204,0.04442989579429506,Low Stress
andhra pradesh,0,84580777,1709,49491.385020479815,1.4720618377118746,Low Stress
andhra pradesh,532,2741239,1709,1604.001755412522,0.045790056387496954,Low Stress
andhra pradesh,533,2551335,1709,1492.8818022235225,0.04248047372146792,Low Stress
andhra pradesh,534,3776269,1709,2209.6366296079577,0.06382820906895723,Low Stress
andhra pradesh,535,3033288,1709,1774.8905792861322,0.05087978755709377,Low Stress
andhra pradesh,536,3943323,1709,2307.3861907548276,0.06673956966531547,Low Stress
andhra pradesh,537,5296741,1709,3099.321825629023,0.09032648069768807,Low Stress
andhra pradesh,538,4053028,1709,2371.578700994734,0.06865147129127762,Low Stress
andhra pradesh,539,3488809,1709,2041.4330017554125,0.058818453438866734,Low Stress
andhra pradesh,540,3512576,1709,2055.33996489175,0.05923265667430945,Low Stress
andhra pradesh,541,2797370,1709,1636.8461088355764,0.046768288465951734,Low Stress
andhra pradesh,542,2703114,1709,1581.6933879461674,0.04512562678547511,Low Stress
andhra pradesh,543,2344474,1709,1371.839672322996,0.03887537019612126,Low Stress
andhra pradesh,544,4290589,1709,2510.5845523698067,0.07279160403058023,Low Stress
andhra pradesh,545,5154296,1709,3015.971913399649,0.08784399742791753,Low Stress
andhra pradesh,546,3936966,1709,2303.666471620831,0.06662878201993704,Low Stress
andhra pradesh,547,4517398,1709,2643.2990052662376,0.07674435455136641,Low Stress
andhra pradesh,548,4887813,1709,2860.0427150380337,0.08319982185714798,Low Stress
andhra pradesh,549,3397448,1709,1987.974253949678,0.05722624483898954,Low Stress
andhra pradesh,550,2963557,1709,1734.0883557636043,0.04966453927962267,Low Stress
andhra pradesh,551,2882469,1709,1686.6407255705092,0.04825136504831127,Low Stress
andhra pradesh,552,4053463,1709,2371.8332358104153,0.06865905232411379,Low Stress
andhra pradesh,553,4081148,1709,2388.0327677004097,0.06914153713806724,Low Stress
andhra pradesh,554,4174064,1709,2442.4014043300176,0.07076084575187608,Low Stress
karnataka,0,61095297,2350,25997.998723404256,0.7723377843469681,Low Stress
karnataka,555,4779661,2350,2033.8982978723404,0.05859404076904979,Low Stress
karnataka,556,1889752,2350,804.1497872340426,0.021967366282775354,Low Stress
karnataka,557,2177331,2350,926.523829787234,0.02561213932652459,Low Stress
karnataka,558,1703300,2350,724.8085106382979,0.019604275710956364,Low Stress
karnataka,559,1928812,2350,820.7710638297872,0.022462412287834292,Low Stress
karnataka,560,1389920,2350,591.4553191489362,0.015632501080506518,Low Stress
karnataka,561,1064570,2350,453.0085106382979,0.011509018803345063,Low Stress
karnataka,562,1847023,2350,785.9672340425532,0.021425819412571472,Low Stress
karnataka,563,1437169,2350,611.5612765957446,0.016231334380379273,Low Stress
karnataka,564,1597668,2350,679.8587234042553,0.01826549691919021,Low Stress
karnataka,565,2452595,2350,1043.6574468085107,0.029100832197403864,Low Stress
karnataka,566,1659456,2350,706.1514893617021,0.019048597343168237,Low Stress
karnataka,567,1945497,2350,827.8710638297872,0.02267387779204342,Low Stress
karnataka,568,1752753,2350,745.8523404255319,0.02023104248228713,Low Stress
karnataka,569,1177361,2350,501.0046808510638,0.012938530681394295,Low Stress
karnataka,570,1137961,2350,484.2387234042553,0.012439175520121325,Low Stress
karnataka,571,2678980,2350,1139.9914893617022,0.03197003316656077,Low Stress
karnataka,572,9621551,2350,4094.277021276596,0.11996010071361805,Low Stress
karnataka,573,1805769,2350,768.412340425532,0.02090296667594317,Low Stress
karnataka,574,1776421,2350,755.923829787234,0.02053101045073913,Low Stress
karnataka,575,2089649,2350,889.2123404255319,0.024500858634881526,Low Stress
karnataka,576,554519,2350,235.9655319148936,0.005044638108866876,Low Stress
karnataka,577,3001127,2350,1277.0753191489362,0.03605292065738828,Low Stress
karnataka,578,1020791,2350,434.3791489361702,0.01095416424483315,Low Stress
karnataka,579,2566326,2350,1092.0536170212765,0.030542257624986,Low Stress
karnataka,580,1174271,2350,499.68978723404257,0.012899368055802076,Low Stress
karnataka,581,1536401,2350,653.7876595744681,0.017488999643410736,Low Stress
karnataka,582,1255104,2350,534.0868085106383,0.013923844597710152,Low Stress
karnataka,583,990923,2350,421.6693617021277,0.010575617545419415,Low Stress
karnataka,584,1082636,2350,460.69617021276594,0.011737987086176472,Low Stress
goa,0,1458545,21,69454.52380952382,2.06664144470088,Low Stress
goa,585,818008,21,38952.76190476191,1.158180816467476,Low Stress
goa,586,640537,21,30501.761904761905,0.9064772987109524,Low Stress
lakshadweep,0,64473,4,16118.25,0.4780805948745536,Low Stress
lakshadweep,587,64473,4,16118.25,0.4780805948745536,Low Stress
kerala,0,33406061,820,40739.0987804878,1.2113848485960295,Low Stress
kerala,588,1307375,820,1594.3597560975609,0.04550288029640931,Low Stress
kerala,589,2523003,820,3076.832926829268,0.08965667417320947,Low Stress
kerala,590,817420,820,996.8536585365854,0.027706834072640508,Low Stress
kerala,591,3086293,820,3763.771951219512,0.11011637940611194,Low Stress
kerala,592,4112920,820,5015.756097560976,0.14740531726074982,Low Stress
kerala,593,2809934,820,3426.7487804878047,0.10007852381048676,Low Stress
kerala,594,3121200,820,3806.3414634146343,0.11138426438643277,Low Stress
kerala,595,3282388,820,4002.9121951219513,0.11723890225872073,Low Stress
kerala,596,1108974,820,1352.4073170731708,0.038296599379096595,Low Stress
kerala,597,1974551,820,2407.9890243902437,0.06973591176948167,Low Stress
kerala,598,2127789,820,2594.8646341463414,0.07530179135278603,Low Stress
kerala,599,1197412,820,1460.2585365853658,0.041508826493704395,Low Stress
kerala,600,2635375,820,3213.871951219512,0.09373822718574601,Low Stress
kerala,601,3301427,820,4026.130487804878,0.11793043295858976,Low Stress
tamil nadu,0,72147030,1229,58703.84865744508,1.746444692359634,Low Stress
tamil nadu,602,3728104,1229,3033.445077298617,0.08836441593693498,Low Stress
tamil nadu,603,4646732,1229,3780.9048006509356,0.11062666203196474,Low Stress
tamil nadu,604,3998252,1229,3253.2563059397885,0.09491124583770014,Low Stress
tamil nadu,605,3936331,1229,3202.873067534581,0.0934106378217782,Low Stress
tamil nadu,606,2464875,1229,2005.5939788445892,0.057751028502218894,Low Stress
tamil nadu,607,3458873,1229,2814.379983726607,0.08183980882893155,Low Stress
tamil nadu,608,3482056,1229,2833.2432872253867,0.08240163108039905,Low Stress
tamil nadu,609,1726601,1229,1404.8828315703825,0.03985952348216506,Low Stress
tamil nadu,610,2251744,1229,1832.1757526444264,0.05258596193285699,Low Stress
tamil nadu,611,735394,1229,598.3677786818552,0.01583838090310566,Low Stress
tamil nadu,612,2159775,1229,1757.3433685923515,0.050357163647681925,Low Stress
tamil nadu,613,1064493,1229,866.1456468673719,0.023813843144217625,Low Stress
tamil nadu,614,2722290,1229,2215.044751830757,0.06398928389891058,Low Stress
tamil nadu,615,565223,1229,459.9048006509357,0.01171441703499222,Low Stress
tamil nadu,616,754894,1229,614.2343368592351,0.01631094847001313,Low Stress
tamil nadu,617,2605914,1229,2120.353132628153,0.061169000659606766,Low Stress
tamil nadu,618,1616450,1229,1315.2563059397885,0.037190098350758635,Low Stress
tamil nadu,619,1264277,1229,1028.7038242473557,0.02865545538970702,Low Stress
tamil nadu,620,2405890,1229,1957.59967453214,0.05632157219790928,Low Stress
tamil nadu,621,1618345,1229,1316.7982099267697,0.03723602222456836,Low Stress
tamil nadu,622,1339101,1229,1089.585842148088,0.030468757729516505,Low Stress
tamil nadu,623,3038252,1229,2472.13344182262,0.0716463810053321,Low Stress
tamil nadu,624,1245899,1229,1013.7502034174125,0.02821007863357237,Low Stress
tamil nadu,625,1942288,1229,1580.380797396257,0.04508653275414315,Low Stress
tamil nadu,626,1353445,1229,1101.2571196094386,0.030816373584886803,Low Stress
tamil nadu,627,1750176,1229,1424.0650935720098,0.0404308455534391,Low Stress
tamil nadu,628,3077233,1229,2503.8510984540276,0.07259105568869724,Low Stress
tamil nadu,629,1870374,1229,1521.86655817738,0.04334375203585678,Low Stress
tamil nadu,630,1506843,1229,1226.0724165988609,0.03453385664275721,Low Stress
tamil nadu,631,1879809,1229,1529.5435313262815,0.043572402035537396,Low Stress
tamil nadu,632,3458045,1229,2813.706265256306,0.08181974288301364,Low Stress
tamil nadu,633,2479052,1229,2017.1293734743695,0.05809459724047773,Low Stress
puducherry,0,1247953,24,51998.041666666664,1.5467197830027277,Low Stress
puducherry,634,55626,24,2317.75,0.06704824405229541,Low Stress
puducherry,635,950289,24,39595.375,1.1773203238190126,Low Stress
puducherry,636,41816,24,1742.3333333333333,0.049910106651309384,Low Stress
puducherry,637,200222,24,8342.583333333334,0.24649111991275716,Low Stress
andaman and nicobar islands,0,380581,22,17299.136363636364,0.5132519653393486,Low Stress
andaman and nicobar islands,638,36842,22,1674.6363636363637,0.047893828647027764,Low Stress
andaman and nicobar islands,639,105597,22,4799.863636363636,0.14097520343510975,Low Stress
andaman and nicobar islands,640,238142,22,10824.636363636364,0.3204162742123089,Low Stress
